,1,2,3,4,5,6,7,Total,nspots
V13B23-280_A1,748,919,1191,136,57,39,27,3117,748
V13B23-280_B1,576,1099,991,91,73,48,43,2921,576
V13B23-280_C1,627,1587,1021,109,66,135,35,3580,627
V13B23-280_D1,740,1245,1270,82,83,49,46,3515,740
V13B23-285_A1,523,2065,999,8,55,137,16,3803,523
V13B23-285_B1,328,1884,649,57,46,139,16,3119,328
V13B23-285_C1,318,2016,568,80,61,138,20,3201,318
V13B23-285_D1,331,1932,582,84,59,116,14,3118,331
V14F07-340_A1,54,945,193,232,81,130,34,1669,54
V14F07-340_B1,24,946,156,275,105,142,41,1689,24
V14F07-340_C1,26,1089,169,296,60,123,31,1794,26
V14F07-340_D1,89,1127,277,259,47,57,27,1883,89
