,age,BayesSpace,brain_area,brain_area2,brain_id,diagnosis,expr_chrM,expr_chrM_ratio,nspots,pmi,rin,sample_id,sex,sum_umi
V13B23-280_A1,51.4,Sp08D01,AL5,G1,Br9037,Control,5162,0.287704826663694,407,18.5,7.8,V13B23-280_A1,M,17942
V13B23-280_B1,51.4,Sp08D01,AL5,G2,Br9037,Control,3257,0.291480221943798,334,18.5,7.8,V13B23-280_B1,M,11174
V13B23-280_C1,51.4,Sp08D01,AL5,G3,Br9037,Control,4197,0.279911964785914,327,18.5,7.8,V13B23-280_C1,M,14994
V13B23-280_D1,51.4,Sp08D01,AL5,G4,Br9037,Control,7753,0.41340514023675,453,18.5,7.8,V13B23-280_D1,M,18754
V13B23-285_A1,41.3,Sp08D01,PR5,G0,Br8518,Control,31063,0.625765511684126,274,10.5,6.3,V13B23-285_A1,F,49640
V13B23-285_B1,41.3,Sp08D01,AR6,G1,Br8518,Control,13516,0.554844006568144,176,10.5,6.3,V13B23-285_B1,F,24360
V13B23-285_C1,41.3,Sp08D01,AR6,G2,Br8518,Control,19193,0.513717512914537,175,10.5,6.3,V13B23-285_C1,F,37361
V13B23-285_D1,41.3,Sp08D01,AR6,G3,Br8518,Control,18882,0.546512301013025,171,10.5,6.3,V13B23-285_D1,F,34550
V14F07-340_A1,57.5,Sp08D01,PL6,G1,Br9090,Control,2938,0.33458603803667,24,26.5,6.1,V14F07-340_A1,M,8781
V14F07-340_B1,57.5,Sp08D01,PL6,G2,Br9090,Control,3777,0.286570561456753,10,26.5,6.1,V14F07-340_B1,M,13180
V14F07-340_D1,57.5,Sp08D01,PL6,G4,Br9090,Control,4385,0.481656414762742,45,26.5,6.1,V14F07-340_D1,M,9104
V13B23-280_A1.1,51.4,Sp08D02,AL5,G1,Br9037,Control,222186,0.270853828458998,802,18.5,7.8,V13B23-280_A1,M,820317
V13B23-280_B1.1,51.4,Sp08D02,AL5,G2,Br9037,Control,326028,0.289464058044101,977,18.5,7.8,V13B23-280_B1,M,1126316
V13B23-280_C1.1,51.4,Sp08D02,AL5,G3,Br9037,Control,718607,0.415863179684593,1402,18.5,7.8,V13B23-280_C1,M,1727989
V13B23-280_D1.1,51.4,Sp08D02,AL5,G4,Br9037,Control,433526,0.424951332022451,1051,18.5,7.8,V13B23-280_D1,M,1020178
V13B23-285_A1.1,41.3,Sp08D02,PR5,G0,Br8518,Control,3136761,0.607311762087577,1909,10.5,6.3,V13B23-285_A1,F,5164993
V13B23-285_B1.1,41.3,Sp08D02,AR6,G1,Br8518,Control,2198020,0.542447486970767,1765,10.5,6.3,V13B23-285_B1,F,4052042
V13B23-285_C1.1,41.3,Sp08D02,AR6,G2,Br8518,Control,3000089,0.53322705840867,1900,10.5,6.3,V13B23-285_C1,F,5626288
V13B23-285_D1.1,41.3,Sp08D02,AR6,G3,Br8518,Control,2608899,0.549101555939177,1813,10.5,6.3,V13B23-285_D1,F,4751214
V14F07-340_A1.1,57.5,Sp08D02,PL6,G1,Br9090,Control,222554,0.282895640015254,879,26.5,6.1,V14F07-340_A1,M,786700
V14F07-340_B1.1,57.5,Sp08D02,PL6,G2,Br9090,Control,411880,0.323154657293497,890,26.5,6.1,V14F07-340_B1,M,1274560
V14F07-340_C1,57.5,Sp08D02,PL6,G3,Br9090,Control,420334,0.403551116180294,1016,26.5,6.1,V14F07-340_C1,M,1041588
V14F07-340_D1.1,57.5,Sp08D02,PL6,G4,Br9090,Control,267796,0.32370112680619,1048,26.5,6.1,V14F07-340_D1,M,827294
V13B23-280_A1.2,51.4,Sp08D03,AL5,G1,Br9037,Control,58853,0.280894425353188,884,18.5,7.8,V13B23-280_A1,M,209520
V13B23-280_B1.2,51.4,Sp08D03,AL5,G2,Br9037,Control,59943,0.274488165179205,832,18.5,7.8,V13B23-280_B1,M,218381
V13B23-280_C1.2,51.4,Sp08D03,AL5,G3,Br9037,Control,153960,0.420116244167326,898,18.5,7.8,V13B23-280_C1,M,366470
V13B23-280_D1.2,51.4,Sp08D03,AL5,G4,Br9037,Control,164712,0.491051704245633,1056,18.5,7.8,V13B23-280_D1,M,335427
V13B23-285_A1.2,41.3,Sp08D03,PR5,G0,Br8518,Control,639038,0.613250803704237,841,10.5,6.3,V13B23-285_A1,F,1042050
V13B23-285_B1.2,41.3,Sp08D03,AR6,G1,Br8518,Control,333146,0.53787620706747,582,10.5,6.3,V13B23-285_B1,F,619373
V13B23-285_C1.2,41.3,Sp08D03,AR6,G2,Br8518,Control,465445,0.540015778909631,518,10.5,6.3,V13B23-285_C1,F,861910
V13B23-285_D1.2,41.3,Sp08D03,AR6,G3,Br8518,Control,359640,0.563970437185291,522,10.5,6.3,V13B23-285_D1,F,637693
V14F07-340_A1.2,57.5,Sp08D03,PL6,G1,Br9090,Control,31543,0.280324911351457,181,26.5,6.1,V14F07-340_A1,M,112523
V14F07-340_B1.2,57.5,Sp08D03,PL6,G2,Br9090,Control,51069,0.342721964968794,164,26.5,6.1,V14F07-340_B1,M,149010
V14F07-340_C1.1,57.5,Sp08D03,PL6,G3,Br9090,Control,58724,0.453856201068097,177,26.5,6.1,V14F07-340_C1,M,129389
V14F07-340_D1.2,57.5,Sp08D03,PL6,G4,Br9090,Control,52037,0.437234274959248,248,26.5,6.1,V14F07-340_D1,M,119014
V13B23-280_A1.3,51.4,Sp08D04,AL5,G1,Br9037,Control,19300,0.284329468613268,754,18.5,7.8,V13B23-280_A1,M,67879
V13B23-280_B1.3,51.4,Sp08D04,AL5,G2,Br9037,Control,12909,0.270119271814187,512,18.5,7.8,V13B23-280_B1,M,47790
V13B23-280_C1.3,51.4,Sp08D04,AL5,G3,Br9037,Control,14835,0.323428098020406,584,18.5,7.8,V13B23-280_C1,M,45868
V13B23-280_D1.3,51.4,Sp08D04,AL5,G4,Br9037,Control,30139,0.394277939849034,688,18.5,7.8,V13B23-280_D1,M,76441
V13B23-285_A1.3,41.3,Sp08D04,PR5,G0,Br8518,Control,128416,0.606430956237574,549,10.5,6.3,V13B23-285_A1,F,211757
V13B23-285_B1.3,41.3,Sp08D04,AR6,G1,Br8518,Control,86999,0.537249743722751,315,10.5,6.3,V13B23-285_B1,F,161934
V13B23-285_C1.3,41.3,Sp08D04,AR6,G2,Br8518,Control,98406,0.508734290426142,286,10.5,6.3,V13B23-285_C1,F,193433
V13B23-285_D1.3,41.3,Sp08D04,AR6,G3,Br8518,Control,89746,0.521500127838598,325,10.5,6.3,V13B23-285_D1,F,172092
V14F07-340_A1.3,57.5,Sp08D04,PL6,G1,Br9090,Control,11050,0.314949408579165,92,26.5,6.1,V14F07-340_A1,M,35085
V14F07-340_B1.3,57.5,Sp08D04,PL6,G2,Br9090,Control,12441,0.264005602240896,40,26.5,6.1,V14F07-340_B1,M,47124
V14F07-340_C1.2,57.5,Sp08D04,PL6,G3,Br9090,Control,14018,0.392914202427334,62,26.5,6.1,V14F07-340_C1,M,35677
V14F07-340_D1.3,57.5,Sp08D04,PL6,G4,Br9090,Control,23711,0.390909390662094,145,26.5,6.1,V14F07-340_D1,M,60656
V13B23-280_A1.4,51.4,Sp08D05,AL5,G1,Br9037,Control,96358,0.151658424646107,139,18.5,7.8,V13B23-280_A1,M,635362
V13B23-280_B1.4,51.4,Sp08D05,AL5,G2,Br9037,Control,70050,0.169317003487858,97,18.5,7.8,V13B23-280_B1,M,413721
V13B23-280_C1.4,51.4,Sp08D05,AL5,G3,Br9037,Control,64608,0.197348646832427,115,18.5,7.8,V13B23-280_C1,M,327380
V13B23-280_D1.4,51.4,Sp08D05,AL5,G4,Br9037,Control,42217,0.179381171711678,83,18.5,7.8,V13B23-280_D1,M,235348
V13B23-285_B1.4,41.3,Sp08D05,AR6,G1,Br8518,Control,110714,0.280522257779264,58,10.5,6.3,V13B23-285_B1,F,394671
V13B23-285_C1.4,41.3,Sp08D05,AR6,G2,Br8518,Control,212862,0.312697123231124,83,10.5,6.3,V13B23-285_C1,F,680729
V13B23-285_D1.4,41.3,Sp08D05,AR6,G3,Br8518,Control,235537,0.336087725806912,87,10.5,6.3,V13B23-285_D1,F,700820
V14F07-340_A1.4,57.5,Sp08D05,PL6,G1,Br9090,Control,133950,0.218486627378764,238,26.5,6.1,V14F07-340_A1,M,613081
V14F07-340_B1.4,57.5,Sp08D05,PL6,G2,Br9090,Control,266694,0.217680245256962,282,26.5,6.1,V14F07-340_B1,M,1225164
V14F07-340_C1.3,57.5,Sp08D05,PL6,G3,Br9090,Control,226447,0.242845897785671,308,26.5,6.1,V14F07-340_C1,M,932472
V14F07-340_D1.4,57.5,Sp08D05,PL6,G4,Br9090,Control,143893,0.240277392788322,265,26.5,6.1,V14F07-340_D1,M,598862
V13B23-280_A1.5,51.4,Sp08D06,AL5,G1,Br9037,Control,20504,0.0647322344680838,63,18.5,7.8,V13B23-280_A1,M,316751
V13B23-280_B1.5,51.4,Sp08D06,AL5,G2,Br9037,Control,29150,0.0773993808049536,76,18.5,7.8,V13B23-280_B1,M,376618
V13B23-280_C1.5,51.4,Sp08D06,AL5,G3,Br9037,Control,26859,0.0869462473495946,71,18.5,7.8,V13B23-280_C1,M,308915
V13B23-280_D1.5,51.4,Sp08D06,AL5,G4,Br9037,Control,20765,0.0778715728445156,88,18.5,7.8,V13B23-280_D1,M,266657
V13B23-285_A1.4,41.3,Sp08D06,PR5,G0,Br8518,Control,39665,0.256940935649786,56,10.5,6.3,V13B23-285_A1,F,154374
V13B23-285_B1.5,41.3,Sp08D06,AR6,G1,Br8518,Control,42670,0.188818677428491,48,10.5,6.3,V13B23-285_B1,F,225984
V13B23-285_C1.5,41.3,Sp08D06,AR6,G2,Br8518,Control,79128,0.222297137848498,61,10.5,6.3,V13B23-285_C1,F,355956
V13B23-285_D1.5,41.3,Sp08D06,AR6,G3,Br8518,Control,68571,0.209892377011044,59,10.5,6.3,V13B23-285_D1,F,326696
V14F07-340_A1.5,57.5,Sp08D06,PL6,G1,Br9090,Control,18666,0.140108838431225,87,26.5,6.1,V14F07-340_A1,M,133225
V14F07-340_B1.5,57.5,Sp08D06,PL6,G2,Br9090,Control,32135,0.144442546611769,109,26.5,6.1,V14F07-340_B1,M,222476
V14F07-340_C1.4,57.5,Sp08D06,PL6,G3,Br9090,Control,14072,0.137557551882228,61,26.5,6.1,V14F07-340_C1,M,102299
V14F07-340_D1.5,57.5,Sp08D06,PL6,G4,Br9090,Control,8958,0.127447074891873,48,26.5,6.1,V14F07-340_D1,M,70288
V13B23-280_A1.6,51.4,Sp08D07,AL5,G1,Br9037,Control,16634,0.216112980550611,41,18.5,7.8,V13B23-280_A1,M,76969
V13B23-280_B1.6,51.4,Sp08D07,AL5,G2,Br9037,Control,24192,0.241232487410879,50,18.5,7.8,V13B23-280_B1,M,100285
V13B23-280_C1.6,51.4,Sp08D07,AL5,G3,Br9037,Control,125219,0.382220879157776,147,18.5,7.8,V13B23-280_C1,M,327609
V13B23-280_D1.6,51.4,Sp08D07,AL5,G4,Br9037,Control,23215,0.225870791982876,50,18.5,7.8,V13B23-280_D1,M,102780
V13B23-285_A1.5,41.3,Sp08D07,PR5,G0,Br8518,Control,510741,0.561305042108236,150,10.5,6.3,V13B23-285_A1,F,909917
V13B23-285_B1.6,41.3,Sp08D07,AR6,G1,Br8518,Control,367839,0.491585267904275,159,10.5,6.3,V13B23-285_B1,F,748271
V13B23-285_C1.6,41.3,Sp08D07,AR6,G2,Br8518,Control,513214,0.513723099591695,158,10.5,6.3,V13B23-285_C1,F,999009
V13B23-285_D1.6,41.3,Sp08D07,AR6,G3,Br8518,Control,345402,0.535754503631135,127,10.5,6.3,V13B23-285_D1,F,644702
V14F07-340_A1.6,57.5,Sp08D07,PL6,G1,Br9090,Control,56267,0.197218395880871,134,26.5,6.1,V14F07-340_A1,M,285303
V14F07-340_B1.6,57.5,Sp08D07,PL6,G2,Br9090,Control,125053,0.259383633814269,153,26.5,6.1,V14F07-340_B1,M,482116
V14F07-340_C1.5,57.5,Sp08D07,PL6,G3,Br9090,Control,69653,0.283543386579389,131,26.5,6.1,V14F07-340_C1,M,245652
V14F07-340_D1.6,57.5,Sp08D07,PL6,G4,Br9090,Control,23283,0.198887806878171,57,26.5,6.1,V14F07-340_D1,M,117066
V13B23-280_A1.7,51.4,Sp08D08,AL5,G1,Br9037,Control,11329,0.0442134923546446,27,18.5,7.8,V13B23-280_A1,M,256234
V13B23-280_B1.7,51.4,Sp08D08,AL5,G2,Br9037,Control,21037,0.0548052624723199,43,18.5,7.8,V13B23-280_B1,M,383850
V13B23-280_C1.7,51.4,Sp08D08,AL5,G3,Br9037,Control,20384,0.0642829661492662,36,18.5,7.8,V13B23-280_C1,M,317098
V13B23-280_D1.7,51.4,Sp08D08,AL5,G4,Br9037,Control,15377,0.0532431693137632,46,18.5,7.8,V13B23-280_D1,M,288807
V13B23-285_A1.6,41.3,Sp08D08,PR5,G0,Br8518,Control,10579,0.166603672556616,16,10.5,6.3,V13B23-285_A1,F,63498
V13B23-285_B1.7,41.3,Sp08D08,AR6,G1,Br8518,Control,17743,0.132049774496524,16,10.5,6.3,V13B23-285_B1,F,134366
V13B23-285_C1.7,41.3,Sp08D08,AR6,G2,Br8518,Control,30858,0.15206153815829,20,10.5,6.3,V13B23-285_C1,F,202931
V13B23-285_D1.7,41.3,Sp08D08,AR6,G3,Br8518,Control,21089,0.133022575171726,14,10.5,6.3,V13B23-285_D1,F,158537
V14F07-340_A1.7,57.5,Sp08D08,PL6,G1,Br9090,Control,12815,0.0960068924183398,34,26.5,6.1,V14F07-340_A1,M,133480
V14F07-340_B1.7,57.5,Sp08D08,PL6,G2,Br9090,Control,16490,0.0846009799143216,41,26.5,6.1,V14F07-340_B1,M,194915
V14F07-340_C1.6,57.5,Sp08D08,PL6,G3,Br9090,Control,12569,0.0842352878100434,31,26.5,6.1,V14F07-340_C1,M,149213
V14F07-340_D1.7,57.5,Sp08D08,PL6,G4,Br9090,Control,7923,0.0802776229798875,27,26.5,6.1,V14F07-340_D1,M,98695
