cell_type,neg_log_p,gwas_nickname,gwas_group,low_gene_count,p_label
X0,0.14452324614227066,AUD,AUD_Zhou,FALSE,
X1,0.34740558913191416,AUD,AUD_Zhou,FALSE,
X2,0.2176133832568889,AUD,AUD_Zhou,FALSE,
X3,1.5882288223796266,AUD,AUD_Zhou,FALSE,*
X4,0.9325199760685173,AUD,AUD_Zhou,FALSE,
X5,1.8803153081759498,AUD,AUD_Zhou,FALSE,*
X6,0.4285590463146069,AUD,AUD_Zhou,FALSE,
X7,1.4448450689368113,AUD,AUD_Zhou,FALSE,*
X8,0.031190286087141802,AUD,AUD_Zhou,FALSE,
X9,0.3339315221403134,AUD,AUD_Zhou,FALSE,
X0,0.2778598745425845,compulsive,compulsive_F1_Grotzinger,FALSE,
X1,0.10680990817337088,compulsive,compulsive_F1_Grotzinger,FALSE,
X2,0.5792523452305238,compulsive,compulsive_F1_Grotzinger,FALSE,
X3,0.44070396979567117,compulsive,compulsive_F1_Grotzinger,FALSE,
X4,0.3024481084568175,compulsive,compulsive_F1_Grotzinger,FALSE,
X5,0.7617029321246062,compulsive,compulsive_F1_Grotzinger,FALSE,
X6,0.193582586140372,compulsive,compulsive_F1_Grotzinger,FALSE,
X7,0.4890128779324374,compulsive,compulsive_F1_Grotzinger,FALSE,
X8,0.5647291283894289,compulsive,compulsive_F1_Grotzinger,FALSE,
X9,0.8188140658717702,compulsive,compulsive_F1_Grotzinger,FALSE,
X0,0.44155544557383153,CUD,CUD_Johnson,FALSE,
X1,0.1116014476920925,CUD,CUD_Johnson,FALSE,
X2,0.6283780728239787,CUD,CUD_Johnson,FALSE,
X3,0.09314261035430474,CUD,CUD_Johnson,FALSE,
X4,0.03134430198179389,CUD,CUD_Johnson,FALSE,
X5,0.6053032221081159,CUD,CUD_Johnson,FALSE,
X6,0.3022651467384794,CUD,CUD_Johnson,FALSE,
X7,0.016103208673694226,CUD,CUD_Johnson,FALSE,
X8,1.32993049886205,CUD,CUD_Johnson,FALSE,*
X9,0.1458640648722366,CUD,CUD_Johnson,FALSE,
X0,0.18784230464482368,ext_cannabis,externalizing_Linnér,FALSE,
X1,0.33175390017504924,ext_cannabis,externalizing_Linnér,FALSE,
X2,0.38985107238046013,ext_cannabis,externalizing_Linnér,FALSE,
X3,0.04858476207683427,ext_cannabis,externalizing_Linnér,FALSE,
X4,0.02952294793347596,ext_cannabis,externalizing_Linnér,FALSE,
X5,0.2932566214932642,ext_cannabis,externalizing_Linnér,FALSE,
X6,0.058727147017396224,ext_cannabis,externalizing_Linnér,FALSE,
X7,0.07765867589813846,ext_cannabis,externalizing_Linnér,FALSE,
X8,0.5011796218952904,ext_cannabis,externalizing_Linnér,FALSE,
X9,0.008982258357413859,ext_cannabis,externalizing_Linnér,FALSE,
X0,0.11441829577947323,internalizing,internalizing_F4_Grotzinger,FALSE,
X1,0.18143103048543724,internalizing,internalizing_F4_Grotzinger,FALSE,
X2,0.020214967428889598,internalizing,internalizing_F4_Grotzinger,FALSE,
X3,0.027672169470633827,internalizing,internalizing_F4_Grotzinger,FALSE,
X4,0.04365865482230908,internalizing,internalizing_F4_Grotzinger,FALSE,
X5,0.5379166051303749,internalizing,internalizing_F4_Grotzinger,FALSE,
X6,0.40921387613912075,internalizing,internalizing_F4_Grotzinger,FALSE,
X7,0.8566728700079536,internalizing,internalizing_F4_Grotzinger,FALSE,
X8,0.2772427158741345,internalizing,internalizing_F4_Grotzinger,FALSE,
X9,0.15274824508510926,internalizing,internalizing_F4_Grotzinger,FALSE,
X0,0.12769801529533165,lifetime_cannabis,CUD_Pasman,FALSE,
X1,0.1991249002627535,lifetime_cannabis,CUD_Pasman,FALSE,
X2,0.06992756981645121,lifetime_cannabis,CUD_Pasman,FALSE,
X3,0.008672010010411277,lifetime_cannabis,CUD_Pasman,FALSE,
X4,0.1126415532962912,lifetime_cannabis,CUD_Pasman,FALSE,
X5,0.5932384709534575,lifetime_cannabis,CUD_Pasman,FALSE,
X6,0.05011742175386817,lifetime_cannabis,CUD_Pasman,FALSE,
X7,0.15513778386247865,lifetime_cannabis,CUD_Pasman,FALSE,
X8,1.1245682966823083,lifetime_cannabis,CUD_Pasman,FALSE,
X9,0.266714440000723,lifetime_cannabis,CUD_Pasman,FALSE,
X0,0.3246616730362028,MDD,MDD_Howard,FALSE,
X1,0.5351231285418142,MDD,MDD_Howard,FALSE,
X2,0.5173979353009363,MDD,MDD_Howard,FALSE,
X3,0.0827991811005672,MDD,MDD_Howard,FALSE,
X4,0.4024254681888637,MDD,MDD_Howard,FALSE,
X5,1.1705932954906113,MDD,MDD_Howard,FALSE,
X6,0.18176750621610793,MDD,MDD_Howard,FALSE,
X7,0.16655325812899022,MDD,MDD_Howard,FALSE,
X8,0.45799665249601496,MDD,MDD_Howard,FALSE,
X9,0.07980360145861219,MDD,MDD_Howard,FALSE,
X0,1.0124767362215117,neurodev,neurodev_F3_Grotzinger,FALSE,
X1,0.15113378850522066,neurodev,neurodev_F3_Grotzinger,FALSE,
X2,1.5244595554452565,neurodev,neurodev_F3_Grotzinger,FALSE,*
X3,1.3726341434072673,neurodev,neurodev_F3_Grotzinger,FALSE,*
X4,0.44780648257421896,neurodev,neurodev_F3_Grotzinger,FALSE,
X5,1.2783130156129512,neurodev,neurodev_F3_Grotzinger,FALSE,
X6,0.234316546886517,neurodev,neurodev_F3_Grotzinger,FALSE,
X7,0.10207615060238916,neurodev,neurodev_F3_Grotzinger,FALSE,
X8,0.5074072167442927,neurodev,neurodev_F3_Grotzinger,FALSE,
X9,0.08282020213067315,neurodev,neurodev_F3_Grotzinger,FALSE,
X0,0.03654746409567153,OUD,OUD_Deak,FALSE,
X1,0.08805976815182855,OUD,OUD_Deak,FALSE,
X2,0.9085792710079487,OUD,OUD_Deak,FALSE,
X3,0.5104774392421128,OUD,OUD_Deak,FALSE,
X4,0.361610592334664,OUD,OUD_Deak,FALSE,
X5,0.3743377844131082,OUD,OUD_Deak,FALSE,
X6,0.2508591222369972,OUD,OUD_Deak,FALSE,
X7,0.2960898707339122,OUD,OUD_Deak,FALSE,
X8,0.14075359305501586,OUD,OUD_Deak,FALSE,
X9,0.4639342054879938,OUD,OUD_Deak,FALSE,
X0,0.07801196360985692,p_factor,p_factor_Grotzinger,FALSE,
X1,0.18888768371083092,p_factor,p_factor_Grotzinger,FALSE,
X2,0.0730764816536828,p_factor,p_factor_Grotzinger,FALSE,
X3,0.09208368930893138,p_factor,p_factor_Grotzinger,FALSE,
X4,0.049148541111453566,p_factor,p_factor_Grotzinger,FALSE,
X5,1.210306498721344,p_factor,p_factor_Grotzinger,FALSE,
X6,0.04759990640495388,p_factor,p_factor_Grotzinger,FALSE,
X7,0.20303040285737883,p_factor,p_factor_Grotzinger,FALSE,
X8,0.5835925100569019,p_factor,p_factor_Grotzinger,FALSE,
X9,0.08224249422246141,p_factor,p_factor_Grotzinger,FALSE,
X0,0.3377333876046876,panic,panic_Forster,FALSE,
X1,1.061840668586952,panic,panic_Forster,FALSE,
X2,0.30262242940238276,panic,panic_Forster,FALSE,
X3,0.014151562605366604,panic,panic_Forster,FALSE,
X4,0.09500871390027067,panic,panic_Forster,FALSE,
X5,0.597669823868334,panic,panic_Forster,FALSE,
X6,1.0386596020224081,panic,panic_Forster,FALSE,
X7,0.029350989689557214,panic,panic_Forster,FALSE,
X8,0.44225225835853177,panic,panic_Forster,FALSE,
X9,0.8836579608116597,panic,panic_Forster,FALSE,
X0,0.11981544717356656,SCZ,SCZ_Trubetskoy,FALSE,
X1,0.12406523608050068,SCZ,SCZ_Trubetskoy,FALSE,
X2,0.17644100690601783,SCZ,SCZ_Trubetskoy,FALSE,
X3,0.4983109880842995,SCZ,SCZ_Trubetskoy,FALSE,
X4,0.4898975521829697,SCZ,SCZ_Trubetskoy,FALSE,
X5,0.6772226852967932,SCZ,SCZ_Trubetskoy,FALSE,
X6,0.251013915060942,SCZ,SCZ_Trubetskoy,FALSE,
X7,0.02943928406693024,SCZ,SCZ_Trubetskoy,FALSE,
X8,0.37750621153054026,SCZ,SCZ_Trubetskoy,FALSE,
X9,1.0201467246951443,SCZ,SCZ_Trubetskoy,FALSE,
X0,0.12524574653179857,SCZ_BPD,SCZ/BPD_F2_Grotzinger,FALSE,
X1,0.28177242664485863,SCZ_BPD,SCZ/BPD_F2_Grotzinger,FALSE,
X2,0.26373898685931885,SCZ_BPD,SCZ/BPD_F2_Grotzinger,FALSE,
X3,0.10712659311123435,SCZ_BPD,SCZ/BPD_F2_Grotzinger,FALSE,
X4,0.19060864919002485,SCZ_BPD,SCZ/BPD_F2_Grotzinger,FALSE,
X5,1.5059428547782516,SCZ_BPD,SCZ/BPD_F2_Grotzinger,FALSE,*
X6,0.07545711515849741,SCZ_BPD,SCZ/BPD_F2_Grotzinger,FALSE,
X7,0.11700328838402187,SCZ_BPD,SCZ/BPD_F2_Grotzinger,FALSE,
X8,0.15029811024942435,SCZ_BPD,SCZ/BPD_F2_Grotzinger,FALSE,
X9,0.1381789418733732,SCZ_BPD,SCZ/BPD_F2_Grotzinger,FALSE,
X0,0.4828437051762051,SUD2,SUD_Hotoum,FALSE,
X1,0.08612259697618214,SUD2,SUD_Hotoum,FALSE,
X2,1.7690149282864458,SUD2,SUD_Hotoum,FALSE,*
X3,0.029313818479237797,SUD2,SUD_Hotoum,FALSE,
X4,0.17077344194060762,SUD2,SUD_Hotoum,FALSE,
X5,1.5725950446897263,SUD2,SUD_Hotoum,FALSE,*
X6,0.06531978910639709,SUD2,SUD_Hotoum,FALSE,
X7,1.1072433247449307,SUD2,SUD_Hotoum,FALSE,
X8,0.1811541284336427,SUD2,SUD_Hotoum,FALSE,
X9,0.3411589870109133,SUD2,SUD_Hotoum,FALSE,
X0,0.34462142446814864,SUD3,SUD_F5_Grotzinger,FALSE,
X1,0.13951825077040042,SUD3,SUD_F5_Grotzinger,FALSE,
X2,1.0117309667855647,SUD3,SUD_F5_Grotzinger,FALSE,
X3,0.07450741980043192,SUD3,SUD_F5_Grotzinger,FALSE,
X4,0.10132965703447014,SUD3,SUD_F5_Grotzinger,FALSE,
X5,0.5730497863450239,SUD3,SUD_F5_Grotzinger,FALSE,
X6,0.05483188117969171,SUD3,SUD_F5_Grotzinger,FALSE,
X7,0.230246153197911,SUD3,SUD_F5_Grotzinger,FALSE,
X8,0.4404404706535043,SUD3,SUD_F5_Grotzinger,FALSE,
X9,0.9035766694047295,SUD3,SUD_F5_Grotzinger,FALSE,
X0,0.14315635989414383,SUD2020,SUD_Polimanti,FALSE,
X1,0.7908604639434667,SUD2020,SUD_Polimanti,FALSE,
X2,0.10428470776926448,SUD2020,SUD_Polimanti,FALSE,
X3,1.867420152340263,SUD2020,SUD_Polimanti,FALSE,*
X4,0.4184143963297446,SUD2020,SUD_Polimanti,FALSE,
X5,0.0553594312904105,SUD2020,SUD_Polimanti,FALSE,
X6,0.08343551783109067,SUD2020,SUD_Polimanti,FALSE,
X7,0.2229068206981864,SUD2020,SUD_Polimanti,FALSE,
X8,0.657162963083575,SUD2020,SUD_Polimanti,FALSE,
X9,0.48350428951186336,SUD2020,SUD_Polimanti,FALSE,
