sample_id,spot_name,ManualAnnotation
V12D07-075_C1,AAACGGGCGTACGGGT-1,scran_low_library
V12D07-075_C1,AAATGCTCGTTACGTT-1,scran_low_library
V12D07-075_C1,AACAATTACTCTACGC-1,scran_low_library
V12D07-075_C1,AACAGGAAATCGAATA-1,scran_low_library
V12D07-075_C1,AACGATAGAAGGGCCG-1,scran_low_library
V12D07-075_C1,AACGTCAGACTAGTGG-1,scran_low_library
V12D07-075_C1,AACTTCTGCGTCTATC-1,scran_low_library
V12D07-075_C1,AACTTGCGTTCTCGCG-1,scran_low_library
V12D07-075_C1,AAGGATCGATCGCTTG-1,scran_low_library
V12D07-075_C1,AAGTTGTGATGTTATA-1,scran_low_library
V12D07-075_C1,AATACAATGTTTCAGG-1,scran_low_library
V12D07-075_C1,AATATTGGAGTATTGA-1,scran_low_library
V12D07-075_C1,AATGGTCCACCGTTCA-1,scran_low_library
V12D07-075_C1,ACATAATAAGGCGGTG-1,scran_low_library
V12D07-075_C1,ACGAAATGGGCGGCAC-1,scran_low_library
V12D07-075_C1,ACGGATGGTGCGGATA-1,scran_low_library
V12D07-075_C1,ACGTTATTGGTCACTC-1,scran_low_library
V12D07-075_C1,ACTATCCAGGGCATGG-1,scran_low_library
V12D07-075_C1,ACTATCTGCCCGCGTA-1,scran_low_library
V12D07-075_C1,ACTATTCGTCCGTGGT-1,scran_low_library
V12D07-075_C1,ACTGCCGTCGTAACTC-1,scran_low_library
V12D07-075_C1,ACTGTGCTAGTAGATC-1,scran_low_library
V12D07-075_C1,ACTTACGCATCCACGC-1,scran_low_library
V12D07-075_C1,AGAAGAGCGCCGTTCC-1,scran_low_library
V12D07-075_C1,AGACAGCTCAGAATCC-1,scran_low_library
V12D07-075_C1,AGAGCAGTTATGAGAC-1,scran_low_library
V12D07-075_C1,AGCACTACCGGCCTGT-1,scran_low_library
V12D07-075_C1,AGCCTTAAAGCGGAAG-1,scran_low_library
V12D07-075_C1,AGCTCTTCGTAACCTT-1,scran_low_library
V12D07-075_C1,AGGACAGTCGAATCCC-1,scran_low_library
V12D07-075_C1,AGGACATCGCACGTCG-1,scran_low_library
V12D07-075_C1,AGGCCCATTGTACAGG-1,scran_low_library
V12D07-075_C1,AGTCAGCCACCGCCTG-1,scran_low_library
V12D07-075_C1,AGTCCCGCCTTTAATT-1,scran_low_library
V12D07-075_C1,AGTCTGGACATCCTTG-1,scran_low_library
V12D07-075_C1,AGTTACCGCACATGGT-1,scran_low_library
V12D07-075_C1,AGTTCTGCGTTGTATC-1,scran_low_library
V12D07-075_C1,ATAAGTAGGGCGACTC-1,scran_low_library
V12D07-075_C1,ATATTCCACATAGTGA-1,scran_low_library
V12D07-075_C1,ATGATCGGGAATAGAC-1,scran_low_library
V12D07-075_C1,ATGCACCTTCCTTAAT-1,scran_low_library
V12D07-075_C1,ATGCTCAGTGTTGCAT-1,scran_low_library
V12D07-075_C1,ATTACTAGCCTCTTGC-1,scran_low_library
V12D07-075_C1,ATTATCTCGACAGATC-1,scran_low_library
V12D07-075_C1,ATTCGTGCTATCTCTT-1,scran_low_library
V12D07-075_C1,ATTGATAGCAACGAGA-1,scran_low_library
V12D07-075_C1,CAAAGTCAGGTTAGCT-1,scran_low_library
V12D07-075_C1,CAATATTGGACTAGTG-1,scran_low_library
V12D07-075_C1,CAATCCTGCCGTGGAG-1,scran_low_library
V12D07-075_C1,CAATGCGAGAAGTATC-1,scran_low_library
V12D07-075_C1,CACATGTTTGGACATG-1,scran_low_library
V12D07-075_C1,CACCCTAACAAGATCT-1,scran_low_library
V12D07-075_C1,CACCTAATAGAGTCGT-1,scran_low_library
V12D07-075_C1,CACTGTCCAAGTGAGA-1,scran_low_library
V12D07-075_C1,CACTTCGCCACAGGCT-1,scran_low_library
V12D07-075_C1,CAGCTCGTGCTTGTGT-1,scran_low_library
V12D07-075_C1,CAGTAATCCCTCCCAG-1,scran_low_library
V12D07-075_C1,CAGTGGTTGCACATGA-1,scran_low_library
V12D07-075_C1,CAGTTCCGCGGGTCGA-1,scran_low_library
V12D07-075_C1,CATAGCCGCCCGGGAT-1,scran_low_library
V12D07-075_C1,CATCGCCCGCGGCCAA-1,scran_low_library
V12D07-075_C1,CATCTTACACCACCTC-1,scran_low_library
V12D07-075_C1,CATGGGTATGCCTTAT-1,scran_low_library
V12D07-075_C1,CATTCCCTAAGTACAA-1,scran_low_library
V12D07-075_C1,CATTTCTAGCAGACTA-1,scran_low_library
V12D07-075_C1,CCAAGGAACAGAGAGG-1,scran_low_library
V12D07-075_C1,CCAGTCCATTATTCGA-1,scran_low_library
V12D07-075_C1,CCATACCTTTACTTGT-1,scran_low_library
V12D07-075_C1,CCCGCGCAATGCACCC-1,scran_low_library
V12D07-075_C1,CCGAAAGTGGTGAGCA-1,scran_low_library
V12D07-075_C1,CCGAGAAGTCGCATAA-1,scran_low_library
V12D07-075_C1,CCGCGGGTACGAAGAA-1,scran_low_library
V12D07-075_C1,CCGCGTAGGTAAGGGC-1,scran_low_library
V12D07-075_C1,CCTACGGCTCAGTCGA-1,scran_low_library
V12D07-075_C1,CCTAGTTAGTCGCATG-1,scran_low_library
V12D07-075_C1,CGCAATTCTACAATAA-1,scran_low_library
V12D07-075_C1,CGCTATTCAATGTATG-1,scran_low_library
V12D07-075_C1,CGGTACTAGAATCAAA-1,scran_low_library
V12D07-075_C1,CGTAAACGCTTGAGTG-1,scran_low_library
V12D07-075_C1,CGTCATACCATATCCA-1,scran_low_library
V12D07-075_C1,CGTCGCGGCGGGATTT-1,scran_low_library
V12D07-075_C1,CGTTGTAAACGTCAGG-1,scran_low_library
V12D07-075_C1,CTCCTAAGTTATGTCT-1,scran_low_library
V12D07-075_C1,CTCGGTCCGTAGCCTG-1,scran_low_library
V12D07-075_C1,CTGATAGTGTATCTCA-1,scran_low_library
V12D07-075_C1,CTGCCTAGCCACCAAG-1,scran_low_library
V12D07-075_C1,CTGCGGGTGAAATGTT-1,scran_low_library
V12D07-075_C1,CTTAGCCCGGATAGTG-1,scran_low_library
V12D07-075_C1,CTTATGTTGACTACCA-1,scran_low_library
V12D07-075_C1,CTTTACCGAATAGTAG-1,scran_low_library
V12D07-075_C1,GAAACTCTAATGAAGG-1,scran_low_library
V12D07-075_C1,GAAATACTAAACGTTT-1,scran_low_library
V12D07-075_C1,GAATGCCGAAATGACC-1,scran_low_library
V12D07-075_C1,GAATTTCTCGCTGCAG-1,scran_low_library
V12D07-075_C1,GACATACTGTCGCAGA-1,scran_low_library
V12D07-075_C1,GACGTGTAGGGATTAT-1,scran_low_library
V12D07-075_C1,GACTGCGGCACGTGTA-1,scran_low_library
V12D07-075_C1,GAGAACGGTTCTGACT-1,scran_low_library
V12D07-075_C1,GAGCACCTGTGTCCAG-1,scran_low_library
V12D07-075_C1,GAGGCTATCAAAGTCG-1,scran_low_library
V12D07-075_C1,GAGTACGGGTATACAA-1,scran_low_library
V12D07-075_C1,GATATGGATTACGCGG-1,scran_low_library
V12D07-075_C1,GATGCCAGCAGAAGGC-1,scran_low_library
V12D07-075_C1,GATGTTTGTGCGAGAT-1,scran_low_library
V12D07-075_C1,GCATCGGCCGTGTAGG-1,scran_low_library
V12D07-075_C1,GCATGCTAATAACGAT-1,scran_low_library
V12D07-075_C1,GCCTATTCCGATATAG-1,scran_low_library
V12D07-075_C1,GCGATTCTGGAAGCAG-1,scran_low_library
V12D07-075_C1,GCTAGGCACCACGGAG-1,scran_low_library
V12D07-075_C1,GCTAGTTTCATTGAGG-1,scran_low_library
V12D07-075_C1,GCTATACGTCTCGGAC-1,scran_low_library
V12D07-075_C1,GCTATCGCGGCGCAAC-1,scran_low_library
V12D07-075_C1,GGATCCCTACCAGCTA-1,scran_low_library
V12D07-075_C1,GGATGGCTTGAAGTAT-1,scran_low_library
V12D07-075_C1,GGATTCAGTACGGTGG-1,scran_low_library
V12D07-075_C1,GGCACTCAGCCGACCC-1,scran_low_library
V12D07-075_C1,GGCGCTCCTCATCAAT-1,scran_low_library
V12D07-075_C1,GGGTAATGCTGTGTTT-1,scran_low_library
V12D07-075_C1,GGGTATGTATGCACTT-1,scran_low_library
V12D07-075_C1,GGGTGGTCCAGCCTGT-1,scran_low_library
V12D07-075_C1,GGGTTCAGACGAACAA-1,scran_low_library
V12D07-075_C1,GGTGCTGATCACAAAG-1,scran_low_library
V12D07-075_C1,GGTTAGTTACGGCGCC-1,scran_low_library
V12D07-075_C1,GTACTGAGGTCGTAAC-1,scran_low_library
V12D07-075_C1,GTATTAAGGCGTCTAA-1,scran_low_library
V12D07-075_C1,GTCACTCTCCAAATCT-1,scran_low_library
V12D07-075_C1,GTCTATTGGTTCCGGT-1,scran_low_library
V12D07-075_C1,GTCTTGTAGCTATTCA-1,scran_low_library
V12D07-075_C1,GTTAAAGTAGGACTGG-1,scran_low_library
V12D07-075_C1,GTTAACTATGTTGTCA-1,scran_low_library
V12D07-075_C1,GTTAGAGTGTGCCGCT-1,scran_low_library
V12D07-075_C1,GTTATTAACGTGGGAG-1,scran_low_library
V12D07-075_C1,GTTCGTCTAAAGAACT-1,scran_low_library
V12D07-075_C1,GTTCTTCCCTCGATGT-1,scran_low_library
V12D07-075_C1,GTTGTCGTGTTAGTTG-1,scran_low_library
V12D07-075_C1,GTTTGGCCGCTCAGCG-1,scran_low_library
V12D07-075_C1,TAAGGAACTTGTGGGA-1,scran_low_library
V12D07-075_C1,TAATTAGATGGATATG-1,scran_low_library
V12D07-075_C1,TACAAGTCTCGTGCAT-1,scran_low_library
V12D07-075_C1,TACAGAAACGGTGGGC-1,scran_low_library
V12D07-075_C1,TACTCGGCACGCCGGG-1,scran_low_library
V12D07-075_C1,TAGAATTAAGGGCAAC-1,scran_low_library
V12D07-075_C1,TAGGTCCAAGTAAGGA-1,scran_low_library
V12D07-075_C1,TAGTACCTTAGTGGTC-1,scran_low_library
V12D07-075_C1,TATACTCATGCGGCAA-1,scran_low_library
V12D07-075_C1,TATCCAATTGGTTATC-1,scran_low_library
V12D07-075_C1,TATGATCTTCTCTTTA-1,scran_low_library
V12D07-075_C1,TATGGCCCGGCCTCGC-1,scran_low_library
V12D07-075_C1,TATTCCGAGCTGTTAT-1,scran_low_library
V12D07-075_C1,TATTTGATTTGCACAG-1,scran_low_library
V12D07-075_C1,TCAGGGCGCAAACTCG-1,scran_low_library
V12D07-075_C1,TCATCACTCGAGCTCG-1,scran_low_library
V12D07-075_C1,TCCAAGCCTAGACACA-1,scran_low_library
V12D07-075_C1,TCCGAACTTGGCTTAC-1,scran_low_library
V12D07-075_C1,TCCGATAATTGCCATA-1,scran_low_library
V12D07-075_C1,TCCGTAACCACAATCC-1,scran_low_library
V12D07-075_C1,TCCTCTCCAGTTGTCC-1,scran_low_library
V12D07-075_C1,TCGCGTAGCAGTGTCC-1,scran_low_library
V12D07-075_C1,TCGCGTCCAGAAGGTC-1,scran_low_library
V12D07-075_C1,TCGGAATGACCATCAA-1,scran_low_library
V12D07-075_C1,TCGTGTACTATGGATG-1,scran_low_library
V12D07-075_C1,TCGTGTATTGGTCACG-1,scran_low_library
V12D07-075_C1,TCTCGACGTATCGCCG-1,scran_low_library
V12D07-075_C1,TCTTTCTCTTAAGGAG-1,scran_low_library
V12D07-075_C1,TGCGATGCTAATGGCT-1,scran_low_library
V12D07-075_C1,TGGATAGAGTAACAGA-1,scran_low_library
V12D07-075_C1,TGGGCCTTGCCTGCAT-1,scran_low_library
V12D07-075_C1,TGTCCTAAGTCACCGC-1,scran_low_library
V12D07-075_C1,TGTGGACTATCTACGT-1,very_high_umi
V12D07-075_C1,TGTTCATAAATGTGCT-1,scran_low_library
V12D07-075_C1,TGTTTAATACTTCATC-1,scran_low_library
V12D07-075_C1,TTAAAGTAAGTCGCCA-1,scran_low_library
V12D07-075_C1,TTAACACCTCGAACAT-1,scran_low_library
V12D07-075_C1,TTACCGCCTTAGGGAA-1,scran_low_library
V12D07-075_C1,TTACTATCGGCTTCTC-1,scran_low_library
V12D07-075_C1,TTAGATAGGTCGATAC-1,scran_low_library
V12D07-075_C1,TTAGCAACATGGATGT-1,scran_low_library
V12D07-075_C1,TTATCGCCTGCGAAGC-1,scran_low_library
V12D07-075_C1,TTATGTTTGCGATAGA-1,scran_low_library
V12D07-075_C1,TTATTAGGGAAGCATC-1,scran_low_library
V12D07-075_C1,TTATTATCTGGAAGGC-1,scran_low_library
V12D07-075_C1,TTCAATTAGCCATAAT-1,scran_low_library
V12D07-075_C1,TTCCTCGGACTAACCA-1,scran_low_library
V12D07-075_C1,TTCCTCTGCCCGAATA-1,scran_low_library
V12D07-075_C1,TTCCTTTCTGTGTTGC-1,scran_low_library
V12D07-075_C1,TTCGGCTAGAGATGGT-1,scran_low_library
V12D07-075_C1,TTCGTACTCCAGAACG-1,scran_low_library
V12D07-075_C1,TTCTGACCGGGCTCAA-1,scran_low_library
V12D07-075_C1,TTCTTGCTAGCATCTC-1,scran_low_library
V12D07-075_C1,TTGAACGAATCCTTTG-1,scran_low_library
V12D07-075_C1,TTGACGATTCAGCACG-1,scran_low_library
V12D07-075_C1,TTGCGTAGTTTGAGGA-1,scran_low_library
V12D07-075_C1,TTGCTCATAGTACGTG-1,scran_low_library
V12D07-075_C1,TTGCTGCACCTATCCA-1,scran_low_library
V12D07-075_C1,TTGGCCATCTTGCGCT-1,scran_low_library
V13B23-285_A1,AGACCGGGAAACCCTG-1,very_high_umi
V13B23-285_A1,AGCCGCAAATTCAAAT-1,very_high_umi
V13B23-285_A1,CAAACCAGGTCTGCAT-1,very_high_umi
V13B23-285_A1,CCCTGACTAACAAATT-1,very_high_umi
V13B23-285_A1,GGCACGCTGCTACAGT-1,tissue_roll
V13B23-285_A1,GGGCACGAATTGGCCG-1,very_high_umi
V13B23-285_A1,GGTATGAAAGAACTGA-1,very_high_umi
V13B23-285_A1,GTGAGTCGACTAATAG-1,tissue_roll
V13B23-285_A1,TCGCGTAGCAGTGTCC-1,tissue_roll
V13B23-285_A1,TGTACTTCCGGGCATG-1,tissue_roll
V13B23-285_B1,AACGAAAGTCGTCCCA-1,tissue_roll
V13B23-285_B1,AACGTTATCAGCACCT-1,tissue_roll
V13B23-285_B1,ACATAAGTCGTGGTGA-1,tissue_roll
V13B23-285_B1,ACCATCCGCCAACTAG-1,tissue_roll
V13B23-285_B1,ACTCGATGTATTTCAT-1,tissue_roll
V13B23-285_B1,ACTGCTCGGAAGGATG-1,tissue_roll
V13B23-285_B1,ACTTGTAGTCCCTTCA-1,tissue_roll
V13B23-285_B1,ACTTTGACTGCATCCT-1,tissue_roll
V13B23-285_B1,AGAATAAATCTTCAGG-1,tissue_roll
V13B23-285_B1,AGTACGGCCCGTATCG-1,tissue_roll
V13B23-285_B1,AGTGGCTCCGTCGGCC-1,tissue_roll
V13B23-285_B1,AGTGGTGTTACCCGTG-1,tissue_roll
V13B23-285_B1,ATACTTGTTCTCGAGC-1,tissue_roll
V13B23-285_B1,ATTGATCACCACATTT-1,tissue_roll
V13B23-285_B1,CAATACGCTCTGAGGC-1,tissue_roll
V13B23-285_B1,CACGGGATTGAGGGTT-1,tissue_roll
V13B23-285_B1,CATTGCGAAATGGGCG-1,tissue_roll
V13B23-285_B1,CCCGAAGTTTCGCGAA-1,tissue_roll
V13B23-285_B1,CCGCGATTTGGTAGGT-1,tissue_roll
V13B23-285_B1,CCGGCGTGAGACTCTG-1,tissue_roll
V13B23-285_B1,CCTAGGTAAAGGTAGC-1,tissue_roll
V13B23-285_B1,CCTGCCCGTTGTCTAG-1,tissue_roll
V13B23-285_B1,CGACGCATCCGTACCT-1,tissue_roll
V13B23-285_B1,CTGGGTTGAGTTAAAG-1,tissue_roll
V13B23-285_B1,CTTATGCGCTCAGGGC-1,tissue_roll
V13B23-285_B1,GAACCTCGACCTACAC-1,tissue_roll
V13B23-285_B1,GACTCCTTCCAATTGA-1,tissue_roll
V13B23-285_B1,GCACAACCTCGGGCGT-1,tissue_roll
V13B23-285_B1,GCTCAACCTCTTAGAG-1,tissue_roll
V13B23-285_B1,GTCGTACCTACGATTG-1,tissue_roll
V13B23-285_B1,GTGCAACAAATGTGGC-1,very_high_umi
V13B23-285_B1,TAGAAATTCACGTATA-1,tissue_roll
V13B23-285_B1,TAGGCGATGAGGTCTC-1,tissue_roll
V13B23-285_B1,TATCAGTGGCGTAGTC-1,tissue_roll
V13B23-285_B1,TATTAACACCAAAGCA-1,tissue_roll
V13B23-285_B1,TCTAAAGAACAGTCTC-1,tissue_roll
V13B23-285_B1,TCTAACTGTATGTAAA-1,tissue_roll
V13B23-285_B1,TGAAGAGCGGTCCTAG-1,tissue_roll
V13B23-285_B1,TGACAGGACAAGTCCA-1,tissue_roll
V13B23-285_B1,TGAGGCATGTACTGTG-1,tissue_roll
V13B23-285_B1,TGATTCAGGTCCCGCG-1,tissue_roll
V13B23-285_B1,TGGCTCTTGTCGCGTA-1,tissue_roll
V13B23-285_B1,TGGTAAGCAGGATTGA-1,tissue_roll
V13B23-285_B1,TTCGCCGCTCGCGCTA-1,tissue_roll
V13B23-285_B1,TTGAATCGTTGTATAA-1,tissue_roll
V13B23-285_C1,AATCTCTACTGTGGTT-1,tissue_roll
V13B23-285_C1,ACCGAAGAGTCTGGTT-1,tissue_roll
V13B23-285_C1,ACTTGTAGTCCCTTCA-1,tissue_roll
V13B23-285_C1,AGAGTTGCAGGCCTCC-1,very_high_umi
V13B23-285_C1,AGCTCGTTGATGGAAA-1,very_high_umi
V13B23-285_C1,ATGCACGCGCTGTTCA-1,tissue_roll
V13B23-285_C1,ATTATAGCTACTTTAC-1,scran_low_library
V13B23-285_C1,CAATACGCTCTGAGGC-1,tissue_roll
V13B23-285_C1,CCCAGTAAACTTGGGA-1,tissue_roll
V13B23-285_C1,CCGCCGGAACTTCTCG-1,tissue_roll
V13B23-285_C1,CCGCGATTTGGTAGGT-1,tissue_roll
V13B23-285_C1,CCGGCGTGAGACTCTG-1,tissue_roll
V13B23-285_C1,CGACGCATCCGTACCT-1,tissue_roll
V13B23-285_C1,CGATGTTGTTATCTAC-1,tissue_roll
V13B23-285_C1,CGGCAGGGTCGGGTTG-1,scran_low_library
V13B23-285_C1,CGGTTATCCAACAGTG-1,scran_low_library
V13B23-285_C1,CTGGGTTGAGTTAAAG-1,tissue_roll
V13B23-285_C1,GCTTAGGGAAGCGGTA-1,very_high_umi
V13B23-285_C1,GGTATAGTGACACATA-1,scran_low_library
V13B23-285_C1,GTCGTACCTACGATTG-1,tissue_roll
V13B23-285_C1,GTCGTGTCTGGTCATC-1,scran_low_library
V13B23-285_C1,GTGACGAGGGTGACCC-1,scran_low_library
V13B23-285_C1,GTTGTTACATTGCGCT-1,very_high_umi
V13B23-285_C1,TAGGCGATGAGGTCTC-1,tissue_roll
V13B23-285_C1,TGCCGAAAGCGTATTC-1,scran_low_library
V13B23-285_C1,TGGCATGAAGTTTGGG-1,tissue_roll
V13B23-285_C1,TGGCCAATTTGGTACT-1,tissue_roll
V13B23-285_C1,TGTTCTCTACTCCCTA-1,very_high_umi
V13B23-285_C1,TTGAATCGTTGTATAA-1,tissue_roll
V13B23-285_C1,TTGGTATGGCTTGTGT-1,scran_low_library
V13B23-285_D1,AAATTGGTGAGAAGCA-1,scran_high_chrMT
V13B23-285_D1,AGCTCGTTGATGGAAA-1,very_high_umi
V13B23-285_D1,GGGAACGGGAGGTTAG-1,scran_low_library
V13B23-285_D1,TCTACGGGCTCAGTTG-1,very_high_umi