,1,2,3,4,5,6,7,8,9,10,Total,nspots
V13B23-280_A1,407,443,329,49,0,162,66,870,764,27,3117,407
V13B23-280_B1,336,508,438,59,0,113,82,818,524,43,2921,336
V13B23-280_C1,328,781,574,167,0,124,79,891,600,36,3580,328
V13B23-280_D1,457,554,512,52,0,83,91,1013,705,48,3515,457
V13B23-285_A1,280,973,806,203,0,8,57,886,573,17,3803,280
V13B23-285_B1,178,941,677,195,0,65,52,654,341,16,3119,178
V13B23-285_C1,181,1022,692,218,6,97,63,591,310,21,3201,181
V13B23-285_D1,175,929,712,170,7,101,61,605,344,14,3118,175
V14F07-340_A1,25,282,567,141,0,262,88,176,94,34,1669,25
V14F07-340_B1,9,304,508,172,0,300,113,186,56,41,1689,46
V14F07-340_C1,9,358,650,145,0,324,62,138,77,31,1794,443
V14F07-340_D1,46,425,646,64,0,268,48,204,155,27,1883,508
