,age,BayesSpace,brain_area,brain_area_DEG,brain_id,diagnosis,expr_chrM,expr_chrM_ratio,nspots,pmi,rin,sample_id,sex,sum_umi
V13B23-280_A1,51.4,Sp25D01,AL5,Anterior,Br9037,Control,1401,0.278695046747563,162,18.5,7.8,V13B23-280_A1,M,5027
V13B23-280_B1,51.4,Sp25D01,AL5,Anterior,Br9037,Control,1228,0.249340101522843,161,18.5,7.8,V13B23-280_B1,M,4925
V13B23-280_C1,51.4,Sp25D01,AL5,Anterior,Br9037,Control,1067,0.282574152542373,130,18.5,7.8,V13B23-280_C1,M,3776
V13B23-280_D1,51.4,Sp25D01,AL5,Anterior,Br9037,Control,3235,0.392501819946615,210,18.5,7.8,V13B23-280_D1,M,8242
V13B23-285_A1,41.3,Sp25D01,PR5,Posterior,Br8518,Control,8978,0.619984807679028,111,10.5,6.3,V13B23-285_A1,F,14481
V13B23-285_B1,41.3,Sp25D01,AR6,Anterior,Br8518,Control,4683,0.519006982156711,83,10.5,6.3,V13B23-285_B1,F,9023
V13B23-285_C1,41.3,Sp25D01,AR6,Anterior,Br8518,Control,3764,0.49539352461174,66,10.5,6.3,V13B23-285_C1,F,7598
V13B23-285_D1,41.3,Sp25D01,AR6,Anterior,Br8518,Control,3601,0.52324905550712,57,10.5,6.3,V13B23-285_D1,F,6882
V14F07-340_D1,57.5,Sp25D01,PL6,Posterior,Br9090,Control,1651,0.402584735430383,20,26.5,6.1,V14F07-340_D1,M,4101
V13B23-280_A1.1,51.4,Sp25D02,AL5,Anterior,Br9037,Control,57712,0.30169583673128,193,18.5,7.8,V13B23-280_A1,M,191292
V13B23-280_B1.1,51.4,Sp25D02,AL5,Anterior,Br9037,Control,84914,0.309498469164601,235,18.5,7.8,V13B23-280_B1,M,274360
V13B23-280_C1.1,51.4,Sp25D02,AL5,Anterior,Br9037,Control,214377,0.43656324329608,378,18.5,7.8,V13B23-280_C1,M,491056
V13B23-280_D1.1,51.4,Sp25D02,AL5,Anterior,Br9037,Control,131862,0.444917570367171,262,18.5,7.8,V13B23-280_D1,M,296374
V13B23-285_A1.1,41.3,Sp25D02,PR5,Posterior,Br8518,Control,468557,0.598929599500974,385,10.5,6.3,V13B23-285_A1,F,782324
V13B23-285_B1.1,41.3,Sp25D02,AR6,Anterior,Br8518,Control,395906,0.527806403705121,414,10.5,6.3,V13B23-285_B1,F,750097
V13B23-285_C1.1,41.3,Sp25D02,AR6,Anterior,Br8518,Control,474442,0.515818370597477,434,10.5,6.3,V13B23-285_C1,F,919785
V13B23-285_D1.1,41.3,Sp25D02,AR6,Anterior,Br8518,Control,410147,0.554393548631274,389,10.5,6.3,V13B23-285_D1,F,739812
V14F07-340_A1,57.5,Sp25D02,PL6,Posterior,Br9090,Control,41542,0.282850703688321,160,26.5,6.1,V14F07-340_A1,M,146869
V14F07-340_B1,57.5,Sp25D02,PL6,Posterior,Br9090,Control,57597,0.332011367370114,145,26.5,6.1,V14F07-340_B1,M,173479
V14F07-340_C1,57.5,Sp25D02,PL6,Posterior,Br9090,Control,88880,0.404268287136008,204,26.5,6.1,V14F07-340_C1,M,219854
V14F07-340_D1.1,57.5,Sp25D02,PL6,Posterior,Br9090,Control,68012,0.316252510973886,237,26.5,6.1,V14F07-340_D1,M,215056
V13B23-280_A1.2,51.4,Sp25D03,AL5,Anterior,Br9037,Control,16172,0.255752534277988,99,18.5,7.8,V13B23-280_A1,M,63233
V13B23-280_B1.2,51.4,Sp25D03,AL5,Anterior,Br9037,Control,29775,0.261866441518693,143,18.5,7.8,V13B23-280_B1,M,113703
V13B23-280_C1.2,51.4,Sp25D03,AL5,Anterior,Br9037,Control,53950,0.384651033460006,159,18.5,7.8,V13B23-280_C1,M,140257
V13B23-280_D1.2,51.4,Sp25D03,AL5,Anterior,Br9037,Control,51331,0.406511340598074,188,18.5,7.8,V13B23-280_D1,M,126272
V13B23-285_A1.2,41.3,Sp25D03,PR5,Posterior,Br8518,Control,203373,0.591357015954802,218,10.5,6.3,V13B23-285_A1,F,343909
V13B23-285_B1.2,41.3,Sp25D03,AR6,Anterior,Br8518,Control,120183,0.518676282092779,153,10.5,6.3,V13B23-285_B1,F,231711
V13B23-285_C1.2,41.3,Sp25D03,AR6,Anterior,Br8518,Control,150881,0.520430055602312,130,10.5,6.3,V13B23-285_C1,F,289916
V13B23-285_D1.2,41.3,Sp25D03,AR6,Anterior,Br8518,Control,133938,0.525174975983689,162,10.5,6.3,V13B23-285_D1,F,255035
V14F07-340_A1.1,57.5,Sp25D03,PL6,Posterior,Br9090,Control,37257,0.289669488955753,209,26.5,6.1,V14F07-340_A1,M,128619
V14F07-340_B1.1,57.5,Sp25D03,PL6,Posterior,Br9090,Control,52292,0.307663342452858,164,26.5,6.1,V14F07-340_B1,M,169965
V14F07-340_C1.1,57.5,Sp25D03,PL6,Posterior,Br9090,Control,82147,0.441124034754218,242,26.5,6.1,V14F07-340_C1,M,186222
V14F07-340_D1.2,57.5,Sp25D03,PL6,Posterior,Br9090,Control,53635,0.33916364717116,260,26.5,6.1,V14F07-340_D1,M,158139
V13B23-280_A1.3,51.4,Sp25D04,AL5,Anterior,Br9037,Control,9271,0.324330942802169,420,18.5,7.8,V13B23-280_A1,M,28585
V13B23-280_B1.3,51.4,Sp25D04,AL5,Anterior,Br9037,Control,5882,0.302899222411041,282,18.5,7.8,V13B23-280_B1,M,19419
V13B23-280_C1.3,51.4,Sp25D04,AL5,Anterior,Br9037,Control,8755,0.306934511288739,349,18.5,7.8,V13B23-280_C1,M,28524
V13B23-280_D1.3,51.4,Sp25D04,AL5,Anterior,Br9037,Control,15015,0.382713531975633,392,18.5,7.8,V13B23-280_D1,M,39233
V13B23-285_A1.3,41.3,Sp25D04,PR5,Posterior,Br8518,Control,49379,0.594827378514467,280,10.5,6.3,V13B23-285_A1,F,83014
V13B23-285_B1.3,41.3,Sp25D04,AR6,Anterior,Br8518,Control,31971,0.517464068367215,186,10.5,6.3,V13B23-285_B1,F,61784
V13B23-285_C1.3,41.3,Sp25D04,AR6,Anterior,Br8518,Control,20651,0.501493479686248,156,10.5,6.3,V13B23-285_C1,F,41179
V13B23-285_D1.3,41.3,Sp25D04,AR6,Anterior,Br8518,Control,32954,0.528261357442852,178,10.5,6.3,V13B23-285_D1,F,62382
V14F07-340_A1.2,57.5,Sp25D04,PL6,Posterior,Br9090,Control,5290,0.292539954653542,38,26.5,6.1,V14F07-340_A1,M,18083
V14F07-340_B1.2,57.5,Sp25D04,PL6,Posterior,Br9090,Control,7183,0.289275502396198,25,26.5,6.1,V14F07-340_B1,M,24831
V14F07-340_C1.2,57.5,Sp25D04,PL6,Posterior,Br9090,Control,7876,0.378526457442207,33,26.5,6.1,V14F07-340_C1,M,20807
V14F07-340_D1.3,57.5,Sp25D04,PL6,Posterior,Br9090,Control,8894,0.38234029748087,56,26.5,6.1,V14F07-340_D1,M,23262
V13B23-280_A1.4,51.4,Sp25D05,AL5,Anterior,Br9037,Control,14671,0.060782453421939,37,18.5,7.8,V13B23-280_A1,M,241369
V13B23-280_B1.4,51.4,Sp25D05,AL5,Anterior,Br9037,Control,14862,0.0679101476824097,34,18.5,7.8,V13B23-280_B1,M,218848
V13B23-280_C1.4,51.4,Sp25D05,AL5,Anterior,Br9037,Control,15342,0.070514264178,37,18.5,7.8,V13B23-280_C1,M,217573
V13B23-280_D1.4,51.4,Sp25D05,AL5,Anterior,Br9037,Control,10293,0.0717572259170954,40,18.5,7.8,V13B23-280_D1,M,143442
V13B23-285_A1.4,41.3,Sp25D05,PR5,Posterior,Br8518,Control,16688,0.216718829136527,20,10.5,6.3,V13B23-285_A1,F,77003
V13B23-285_B1.4,41.3,Sp25D05,AR6,Anterior,Br8518,Control,29620,0.170343447355708,28,10.5,6.3,V13B23-285_B1,F,173884
V13B23-285_C1.4,41.3,Sp25D05,AR6,Anterior,Br8518,Control,71315,0.204107040641099,48,10.5,6.3,V13B23-285_C1,F,349400
V13B23-285_D1.4,41.3,Sp25D05,AR6,Anterior,Br8518,Control,52722,0.220955621958937,35,10.5,6.3,V13B23-285_D1,F,238609
V14F07-340_A1.3,57.5,Sp25D05,PL6,Posterior,Br9090,Control,9180,0.147540983606557,34,26.5,6.1,V14F07-340_A1,M,62220
V14F07-340_B1.3,57.5,Sp25D05,PL6,Posterior,Br9090,Control,15967,0.139496077300764,41,26.5,6.1,V14F07-340_B1,M,114462
V14F07-340_C1.3,57.5,Sp25D05,PL6,Posterior,Br9090,Control,3878,0.143976239094115,15,26.5,6.1,V14F07-340_C1,M,26935
V14F07-340_D1.4,57.5,Sp25D05,PL6,Posterior,Br9090,Control,3630,0.132086456589768,17,26.5,6.1,V14F07-340_D1,M,27482
V13B23-280_A1.5,51.4,Sp25D06,AL5,Anterior,Br9037,Control,5367,0.0498324063843418,18,18.5,7.8,V13B23-280_A1,M,107701
V13B23-280_B1.5,51.4,Sp25D06,AL5,Anterior,Br9037,Control,12356,0.0643129661727123,36,18.5,7.8,V13B23-280_B1,M,192123
V13B23-280_C1.5,51.4,Sp25D06,AL5,Anterior,Br9037,Control,9619,0.0750130623640149,24,18.5,7.8,V13B23-280_C1,M,128231
V13B23-280_D1.5,51.4,Sp25D06,AL5,Anterior,Br9037,Control,8578,0.0651343614509062,35,18.5,7.8,V13B23-280_D1,M,131697
V13B23-285_A1.5,41.3,Sp25D06,PR5,Posterior,Br8518,Control,19255,0.255344260555909,29,10.5,6.3,V13B23-285_A1,F,75408
V13B23-285_B1.5,41.3,Sp25D06,AR6,Anterior,Br8518,Control,6566,0.157863101964273,11,10.5,6.3,V13B23-285_B1,F,41593
V13B23-285_C1.5,41.3,Sp25D06,AR6,Anterior,Br8518,Control,9899,0.20417044798284,10,10.5,6.3,V13B23-285_C1,F,48484
V13B23-285_D1.5,41.3,Sp25D06,AR6,Anterior,Br8518,Control,12724,0.158398585815832,15,10.5,6.3,V13B23-285_D1,F,80329
V14F07-340_A1.4,57.5,Sp25D06,PL6,Posterior,Br9090,Control,7270,0.105222022810166,36,26.5,6.1,V14F07-340_A1,M,69092
V14F07-340_B1.4,57.5,Sp25D06,PL6,Posterior,Br9090,Control,8898,0.103239430083074,43,26.5,6.1,V14F07-340_B1,M,86188
V14F07-340_C1.4,57.5,Sp25D06,PL6,Posterior,Br9090,Control,6148,0.0991532940891864,27,26.5,6.1,V14F07-340_C1,M,62005
V14F07-340_D1.5,57.5,Sp25D06,PL6,Posterior,Br9090,Control,7297,0.0954879740375304,39,26.5,6.1,V14F07-340_D1,M,76418
V13B23-280_A1.6,51.4,Sp25D07,AL5,Anterior,Br9037,Control,31249,0.158833186778557,74,18.5,7.8,V13B23-280_A1,M,196741
V13B23-280_B1.6,51.4,Sp25D07,AL5,Anterior,Br9037,Control,24012,0.158555750716446,60,18.5,7.8,V13B23-280_B1,M,151442
V13B23-280_C1.6,51.4,Sp25D07,AL5,Anterior,Br9037,Control,18510,0.200937927440891,47,18.5,7.8,V13B23-280_C1,M,92118
V13B23-280_D1.6,51.4,Sp25D07,AL5,Anterior,Br9037,Control,12490,0.184123240215228,35,18.5,7.8,V13B23-280_D1,M,67835
V13B23-285_B1.6,41.3,Sp25D07,AR6,Anterior,Br8518,Control,36754,0.324157942548707,26,10.5,6.3,V13B23-285_B1,F,113383
V13B23-285_C1.6,41.3,Sp25D07,AR6,Anterior,Br8518,Control,122516,0.349486535828389,58,10.5,6.3,V13B23-285_C1,F,350560
V13B23-285_D1.6,41.3,Sp25D07,AR6,Anterior,Br8518,Control,127071,0.400332058447327,57,10.5,6.3,V13B23-285_D1,F,317414
V14F07-340_A1.5,57.5,Sp25D07,PL6,Posterior,Br9090,Control,50612,0.218666966218347,125,26.5,6.1,V14F07-340_A1,M,231457
V14F07-340_B1.5,57.5,Sp25D07,PL6,Posterior,Br9090,Control,87449,0.215376772045278,145,26.5,6.1,V14F07-340_B1,M,406028
V14F07-340_C1.5,57.5,Sp25D07,PL6,Posterior,Br9090,Control,72421,0.24168852579377,140,26.5,6.1,V14F07-340_C1,M,299646
V14F07-340_D1.6,57.5,Sp25D07,PL6,Posterior,Br9090,Control,48802,0.230400256829105,121,26.5,6.1,V14F07-340_D1,M,211814
V13B23-280_A1.7,51.4,Sp25D08,AL5,Anterior,Br9037,Control,9541,0.0754694594295297,38,18.5,7.8,V13B23-280_A1,M,126422
V13B23-280_B1.7,51.4,Sp25D08,AL5,Anterior,Br9037,Control,15432,0.0941555470137097,47,18.5,7.8,V13B23-280_B1,M,163899
V13B23-280_C1.7,51.4,Sp25D08,AL5,Anterior,Br9037,Control,17831,0.11000950112903,53,18.5,7.8,V13B23-280_C1,M,162086
V13B23-280_D1.7,51.4,Sp25D08,AL5,Anterior,Br9037,Control,10228,0.100029339853301,51,18.5,7.8,V13B23-280_D1,M,102250
V13B23-285_A1.6,41.3,Sp25D08,PR5,Posterior,Br8518,Control,24920,0.344208403547059,27,10.5,6.3,V13B23-285_A1,F,72398
V13B23-285_B1.7,41.3,Sp25D08,AR6,Anterior,Br8518,Control,34010,0.253923457121952,40,10.5,6.3,V13B23-285_B1,F,133938
V13B23-285_C1.7,41.3,Sp25D08,AR6,Anterior,Br8518,Control,31516,0.305781675997167,23,10.5,6.3,V13B23-285_C1,F,103067
V13B23-285_D1.7,41.3,Sp25D08,AR6,Anterior,Br8518,Control,41001,0.27636155297924,32,10.5,6.3,V13B23-285_D1,F,148360
V14F07-340_A1.6,57.5,Sp25D08,PL6,Posterior,Br9090,Control,8542,0.153346258796496,36,26.5,6.1,V14F07-340_A1,M,55704
V14F07-340_B1.6,57.5,Sp25D08,PL6,Posterior,Br9090,Control,19962,0.16126738944273,59,26.5,6.1,V14F07-340_B1,M,123782
V14F07-340_C1.6,57.5,Sp25D08,PL6,Posterior,Br9090,Control,10091,0.168641476009827,37,26.5,6.1,V14F07-340_C1,M,59837
V14F07-340_D1.7,57.5,Sp25D08,PL6,Posterior,Br9090,Control,3084,0.188704644190173,12,26.5,6.1,V14F07-340_D1,M,16343
V13B23-280_A1.8,51.4,Sp25D09,AL5,Anterior,Br9037,Control,13796,0.326702661741025,420,18.5,7.8,V13B23-280_A1,M,42228
V13B23-280_B1.8,51.4,Sp25D09,AL5,Anterior,Br9037,Control,8840,0.286000841178945,316,18.5,7.8,V13B23-280_B1,M,30909
V13B23-280_C1.8,51.4,Sp25D09,AL5,Anterior,Br9037,Control,11031,0.335707112206701,290,18.5,7.8,V13B23-280_C1,M,32859
V13B23-280_D1.8,51.4,Sp25D09,AL5,Anterior,Br9037,Control,28587,0.408847127472433,392,18.5,7.8,V13B23-280_D1,M,69921
V13B23-285_A1.7,41.3,Sp25D09,PR5,Posterior,Br8518,Control,76041,0.591192865972649,280,10.5,6.3,V13B23-285_A1,F,128623
V13B23-285_B1.8,41.3,Sp25D09,AR6,Anterior,Br8518,Control,37567,0.531711321529164,169,10.5,6.3,V13B23-285_B1,F,70653
V13B23-285_C1.8,41.3,Sp25D09,AR6,Anterior,Br8518,Control,32954,0.519451450189155,144,10.5,6.3,V13B23-285_C1,F,63440
V13B23-285_D1.8,41.3,Sp25D09,AR6,Anterior,Br8518,Control,42398,0.538284771154701,166,10.5,6.3,V13B23-285_D1,F,78765
V14F07-340_A1.7,57.5,Sp25D09,PL6,Posterior,Br9090,Control,6071,0.325121833663578,40,26.5,6.1,V14F07-340_A1,M,18673
V14F07-340_B1.7,57.5,Sp25D09,PL6,Posterior,Br9090,Control,8468,0.355843173509266,22,26.5,6.1,V14F07-340_B1,M,23797
V14F07-340_C1.7,57.5,Sp25D09,PL6,Posterior,Br9090,Control,12224,0.393801746077768,34,26.5,6.1,V14F07-340_C1,M,31041
V14F07-340_D1.8,57.5,Sp25D09,PL6,Posterior,Br9090,Control,16627,0.444512765673038,87,26.5,6.1,V14F07-340_D1,M,37405
V13B23-280_A1.9,51.4,Sp25D10,AL5,Anterior,Br9037,Control,33292,0.284649190307632,504,18.5,7.8,V13B23-280_A1,M,116958
V13B23-280_B1.9,51.4,Sp25D10,AL5,Anterior,Br9037,Control,29867,0.279509615834542,448,18.5,7.8,V13B23-280_B1,M,106855
V13B23-280_C1.9,51.4,Sp25D10,AL5,Anterior,Br9037,Control,55110,0.389778481907941,470,18.5,7.8,V13B23-280_C1,M,141388
V13B23-280_D1.9,51.4,Sp25D10,AL5,Anterior,Br9037,Control,90626,0.4885683017688,550,18.5,7.8,V13B23-280_D1,M,185493
V13B23-285_A1.8,41.3,Sp25D10,PR5,Posterior,Br8518,Control,192320,0.59368835683041,379,10.5,6.3,V13B23-285_A1,F,323941
V13B23-285_B1.9,41.3,Sp25D10,AR6,Anterior,Br8518,Control,98126,0.519231888582571,264,10.5,6.3,V13B23-285_B1,F,188983
V13B23-285_C1.9,41.3,Sp25D10,AR6,Anterior,Br8518,Control,91361,0.509275672542003,227,10.5,6.3,V13B23-285_C1,F,179394
V13B23-285_D1.9,41.3,Sp25D10,AR6,Anterior,Br8518,Control,103278,0.518805037449327,237,10.5,6.3,V13B23-285_D1,F,199069
V14F07-340_A1.8,57.5,Sp25D10,PL6,Posterior,Br9090,Control,10376,0.304594158226919,54,26.5,6.1,V14F07-340_A1,M,34065
V14F07-340_B1.8,57.5,Sp25D10,PL6,Posterior,Br9090,Control,17964,0.323757344194932,49,26.5,6.1,V14F07-340_B1,M,55486
V14F07-340_C1.8,57.5,Sp25D10,PL6,Posterior,Br9090,Control,15918,0.462584638632995,49,26.5,6.1,V14F07-340_C1,M,34411
V14F07-340_D1.9,57.5,Sp25D10,PL6,Posterior,Br9090,Control,16725,0.433784624961096,75,26.5,6.1,V14F07-340_D1,M,38556
V13B23-280_A1.10,51.4,Sp25D11,AL5,Anterior,Br9037,Control,11295,0.246395148447896,23,18.5,7.8,V13B23-280_A1,M,45841
V13B23-280_B1.10,51.4,Sp25D11,AL5,Anterior,Br9037,Control,18188,0.253149052848414,33,18.5,7.8,V13B23-280_B1,M,71847
V13B23-280_C1.10,51.4,Sp25D11,AL5,Anterior,Br9037,Control,98038,0.369196818606333,108,18.5,7.8,V13B23-280_C1,M,265544
V13B23-280_D1.10,51.4,Sp25D11,AL5,Anterior,Br9037,Control,10538,0.208051173718189,25,18.5,7.8,V13B23-280_D1,M,50651
V13B23-285_A1.9,41.3,Sp25D11,PR5,Posterior,Br8518,Control,307791,0.524452146176141,102,10.5,6.3,V13B23-285_A1,F,586881
V13B23-285_B1.10,41.3,Sp25D11,AR6,Anterior,Br8518,Control,214033,0.471242148092534,96,10.5,6.3,V13B23-285_B1,F,454189
V13B23-285_C1.10,41.3,Sp25D11,AR6,Anterior,Br8518,Control,341468,0.482814983230681,111,10.5,6.3,V13B23-285_C1,F,707244
V13B23-285_D1.10,41.3,Sp25D11,AR6,Anterior,Br8518,Control,231934,0.509812282938409,86,10.5,6.3,V13B23-285_D1,F,454940
V14F07-340_A1.9,57.5,Sp25D11,PL6,Posterior,Br9090,Control,24563,0.192222813497778,58,26.5,6.1,V14F07-340_A1,M,127784
V14F07-340_B1.9,57.5,Sp25D11,PL6,Posterior,Br9090,Control,60613,0.234476062265961,81,26.5,6.1,V14F07-340_B1,M,258504
V14F07-340_C1.9,57.5,Sp25D11,PL6,Posterior,Br9090,Control,31798,0.249599673459135,62,26.5,6.1,V14F07-340_C1,M,127396
V14F07-340_D1.10,57.5,Sp25D11,PL6,Posterior,Br9090,Control,10895,0.20129702165398,26,26.5,6.1,V14F07-340_D1,M,54124
V13B23-280_A1.11,51.4,Sp25D12,AL5,Anterior,Br9037,Control,52859,0.271679241791904,179,18.5,7.8,V13B23-280_A1,M,194564
V13B23-280_B1.11,51.4,Sp25D12,AL5,Anterior,Br9037,Control,77401,0.292923749981078,228,18.5,7.8,V13B23-280_B1,M,264236
V13B23-280_C1.11,51.4,Sp25D12,AL5,Anterior,Br9037,Control,179176,0.401711988628593,340,18.5,7.8,V13B23-280_C1,M,446031
V13B23-280_D1.11,51.4,Sp25D12,AL5,Anterior,Br9037,Control,116793,0.38796505447781,269,18.5,7.8,V13B23-280_D1,M,301040
V13B23-285_A1.10,41.3,Sp25D12,PR5,Posterior,Br8518,Control,370043,0.585713109901833,343,10.5,6.3,V13B23-285_A1,F,631782
V13B23-285_B1.11,41.3,Sp25D12,AR6,Anterior,Br8518,Control,273914,0.508322214159919,294,10.5,6.3,V13B23-285_B1,F,538859
V13B23-285_C1.11,41.3,Sp25D12,AR6,Anterior,Br8518,Control,303880,0.521554365194467,284,10.5,6.3,V13B23-285_C1,F,582643
V13B23-285_D1.11,41.3,Sp25D12,AR6,Anterior,Br8518,Control,332870,0.5426311096331,317,10.5,6.3,V13B23-285_D1,F,613437
V14F07-340_A1.10,57.5,Sp25D12,PL6,Posterior,Br9090,Control,78001,0.256608404146475,310,26.5,6.1,V14F07-340_A1,M,303969
V14F07-340_B1.10,57.5,Sp25D12,PL6,Posterior,Br9090,Control,101932,0.324938794246659,255,26.5,6.1,V14F07-340_B1,M,313696
V14F07-340_C1.10,57.5,Sp25D12,PL6,Posterior,Br9090,Control,147825,0.357895985609107,366,26.5,6.1,V14F07-340_C1,M,413039
V14F07-340_D1.11,57.5,Sp25D12,PL6,Posterior,Br9090,Control,87940,0.254115580111136,366,26.5,6.1,V14F07-340_D1,M,346063
V13B23-280_A1.12,51.4,Sp25D13,AL5,Anterior,Br9037,Control,14038,0.286022819885901,20,18.5,7.8,V13B23-280_A1,M,49080
V13B23-280_B1.12,51.4,Sp25D13,AL5,Anterior,Br9037,Control,22623,0.298153590679653,33,18.5,7.8,V13B23-280_B1,M,75877
V13B23-280_C1.12,51.4,Sp25D13,AL5,Anterior,Br9037,Control,74444,0.431767169130654,77,18.5,7.8,V13B23-280_C1,M,172417
V13B23-280_D1.12,51.4,Sp25D13,AL5,Anterior,Br9037,Control,6676,0.263031401442024,13,18.5,7.8,V13B23-280_D1,M,25381
V13B23-285_A1.11,41.3,Sp25D13,PR5,Posterior,Br8518,Control,960194,0.583192626047409,328,10.5,6.3,V13B23-285_A1,F,1646444
V13B23-285_B1.12,41.3,Sp25D13,AR6,Anterior,Br8518,Control,662598,0.529297157395684,298,10.5,6.3,V13B23-285_B1,F,1251845
V13B23-285_C1.12,41.3,Sp25D13,AR6,Anterior,Br8518,Control,937558,0.531014120420322,349,10.5,6.3,V13B23-285_C1,F,1765599
V13B23-285_D1.12,41.3,Sp25D13,AR6,Anterior,Br8518,Control,730343,0.555710861708199,300,10.5,6.3,V13B23-285_D1,F,1314250
V14F07-340_A1.11,57.5,Sp25D13,PL6,Posterior,Br9090,Control,5858,0.258334803316282,14,26.5,6.1,V14F07-340_A1,M,22676
V14F07-340_B1.11,57.5,Sp25D13,PL6,Posterior,Br9090,Control,33785,0.299608030931858,50,26.5,6.1,V14F07-340_B1,M,112764
V14F07-340_C1.11,57.5,Sp25D13,PL6,Posterior,Br9090,Control,8519,0.350244624429552,14,26.5,6.1,V14F07-340_C1,M,24323
V13B23-280_A1.13,51.4,Sp25D14,AL5,Anterior,Br9037,Control,5246,0.267475653903024,352,18.5,7.8,V13B23-280_A1,M,19613
V13B23-280_B1.13,51.4,Sp25D14,AL5,Anterior,Br9037,Control,3286,0.298537294448987,246,18.5,7.8,V13B23-280_B1,M,11007
V13B23-280_C1.13,51.4,Sp25D14,AL5,Anterior,Br9037,Control,3865,0.3032323866311,274,18.5,7.8,V13B23-280_C1,M,12746
V13B23-280_D1.13,51.4,Sp25D14,AL5,Anterior,Br9037,Control,6659,0.393139685913331,323,18.5,7.8,V13B23-280_D1,M,16938
V13B23-285_A1.12,41.3,Sp25D14,PR5,Posterior,Br8518,Control,28218,0.602922952010598,213,10.5,6.3,V13B23-285_A1,F,46802
V13B23-285_B1.13,41.3,Sp25D14,AR6,Anterior,Br8518,Control,11174,0.532475577793662,114,10.5,6.3,V13B23-285_B1,F,20985
V13B23-285_C1.13,41.3,Sp25D14,AR6,Anterior,Br8518,Control,12548,0.480104071013162,124,10.5,6.3,V13B23-285_C1,F,26136
V13B23-285_D1.13,41.3,Sp25D14,AR6,Anterior,Br8518,Control,13843,0.520472233710569,134,10.5,6.3,V13B23-285_D1,F,26597
V14F07-340_A1.12,57.5,Sp25D14,PL6,Posterior,Br9090,Control,2701,0.281912117733013,25,26.5,6.1,V14F07-340_A1,M,9581
V14F07-340_C1.12,57.5,Sp25D14,PL6,Posterior,Br9090,Control,2586,0.366912599318956,10,26.5,6.1,V14F07-340_C1,M,7048
V14F07-340_D1.12,57.5,Sp25D14,PL6,Posterior,Br9090,Control,3939,0.408949335548173,34,26.5,6.1,V14F07-340_D1,M,9632
V13B23-280_A1.14,51.4,Sp25D15,AL5,Anterior,Br9037,Control,12773,0.227059409108686,26,18.5,7.8,V13B23-280_A1,M,56254
V13B23-280_B1.14,51.4,Sp25D15,AL5,Anterior,Br9037,Control,13446,0.215280668609305,28,18.5,7.8,V13B23-280_B1,M,62458
V13B23-280_C1.14,51.4,Sp25D15,AL5,Anterior,Br9037,Control,66744,0.36515231092437,77,18.5,7.8,V13B23-280_C1,M,182784
V13B23-280_D1.14,51.4,Sp25D15,AL5,Anterior,Br9037,Control,15710,0.217858579134945,32,18.5,7.8,V13B23-280_D1,M,72111
V13B23-285_A1.13,41.3,Sp25D15,PR5,Posterior,Br8518,Control,225051,0.524888049258326,77,10.5,6.3,V13B23-285_A1,F,428760
V13B23-285_B1.14,41.3,Sp25D15,AR6,Anterior,Br8518,Control,179003,0.475339835731679,85,10.5,6.3,V13B23-285_B1,F,376579
V13B23-285_C1.14,41.3,Sp25D15,AR6,Anterior,Br8518,Control,205802,0.495473849442898,68,10.5,6.3,V13B23-285_C1,F,415364
V13B23-285_D1.14,41.3,Sp25D15,AR6,Anterior,Br8518,Control,126788,0.51220852253446,54,10.5,6.3,V13B23-285_D1,F,247532
V14F07-340_A1.13,57.5,Sp25D15,PL6,Posterior,Br9090,Control,30084,0.192410762825146,74,26.5,6.1,V14F07-340_A1,M,156353
V14F07-340_B1.12,57.5,Sp25D15,PL6,Posterior,Br9090,Control,78109,0.265265438639389,94,26.5,6.1,V14F07-340_B1,M,294456
V14F07-340_C1.13,57.5,Sp25D15,PL6,Posterior,Br9090,Control,43898,0.279206736884954,81,26.5,6.1,V14F07-340_C1,M,157224
V14F07-340_D1.13,57.5,Sp25D15,PL6,Posterior,Br9090,Control,15770,0.189762225644975,38,26.5,6.1,V14F07-340_D1,M,83104
V13B23-280_A1.15,51.4,Sp25D17,AL5,Anterior,Br9037,Control,7379,0.322833267707923,10,18.5,7.8,V13B23-280_A1,M,22857
V13B23-280_B1.15,51.4,Sp25D17,AL5,Anterior,Br9037,Control,28394,0.387203229193656,35,18.5,7.8,V13B23-280_B1,M,73331
V13B23-280_C1.15,51.4,Sp25D17,AL5,Anterior,Br9037,Control,71198,0.451182803875718,68,18.5,7.8,V13B23-280_C1,M,157803
V13B23-280_D1.15,51.4,Sp25D17,AL5,Anterior,Br9037,Control,4907,0.258127301420305,11,18.5,7.8,V13B23-280_D1,M,19010
V13B23-285_A1.14,41.3,Sp25D17,PR5,Posterior,Br8518,Control,945581,0.590878073958725,305,10.5,6.3,V13B23-285_A1,F,1600298
V13B23-285_B1.15,41.3,Sp25D17,AR6,Anterior,Br8518,Control,541781,0.531474643709191,240,10.5,6.3,V13B23-285_B1,F,1019392
V13B23-285_C1.15,41.3,Sp25D17,AR6,Anterior,Br8518,Control,848022,0.545286895128232,301,10.5,6.3,V13B23-285_C1,F,1555185
V13B23-285_D1.15,41.3,Sp25D17,AR6,Anterior,Br8518,Control,664865,0.569925157489866,256,10.5,6.3,V13B23-285_D1,F,1166583
V14F07-340_B1.13,57.5,Sp25D17,PL6,Posterior,Br9090,Control,36514,0.330240214166848,45,26.5,6.1,V14F07-340_B1,M,110568
V13B23-280_A1.16,51.4,Sp25D18,AL5,Anterior,Br9037,Control,21581,0.145152611684311,47,18.5,7.8,V13B23-280_A1,M,148678
V13B23-280_B1.16,51.4,Sp25D18,AL5,Anterior,Br9037,Control,12395,0.147036145150002,32,18.5,7.8,V13B23-280_B1,M,84299
V13B23-280_C1.16,51.4,Sp25D18,AL5,Anterior,Br9037,Control,14587,0.209198600275356,27,18.5,7.8,V13B23-280_C1,M,69728
V13B23-280_D1.16,51.4,Sp25D18,AL5,Anterior,Br9037,Control,7515,0.168584696143751,19,18.5,7.8,V13B23-280_D1,M,44577
V13B23-285_B1.16,41.3,Sp25D18,AR6,Anterior,Br8518,Control,38976,0.31810391263895,24,10.5,6.3,V13B23-285_B1,F,122526
V13B23-285_C1.16,41.3,Sp25D18,AR6,Anterior,Br8518,Control,77451,0.333288866703387,32,10.5,6.3,V13B23-285_C1,F,232384
V13B23-285_D1.16,41.3,Sp25D18,AR6,Anterior,Br8518,Control,73828,0.36629026176348,32,10.5,6.3,V13B23-285_D1,F,201556
V14F07-340_A1.14,57.5,Sp25D18,PL6,Posterior,Br9090,Control,21251,0.201524878853686,43,26.5,6.1,V14F07-340_A1,M,105451
V14F07-340_B1.14,57.5,Sp25D18,PL6,Posterior,Br9090,Control,47710,0.218527424710867,60,26.5,6.1,V14F07-340_B1,M,218325
V14F07-340_C1.14,57.5,Sp25D18,PL6,Posterior,Br9090,Control,30848,0.245806672669466,45,26.5,6.1,V14F07-340_C1,M,125497
V14F07-340_D1.14,57.5,Sp25D18,PL6,Posterior,Br9090,Control,28244,0.234252017483474,53,26.5,6.1,V14F07-340_D1,M,120571
V13B23-280_A1.17,51.4,Sp25D19,AL5,Anterior,Br9037,Control,11061,0.126791077282835,37,18.5,7.8,V13B23-280_A1,M,87238
V13B23-280_B1.17,51.4,Sp25D19,AL5,Anterior,Br9037,Control,15971,0.139035431357186,45,18.5,7.8,V13B23-280_B1,M,114870
V13B23-280_C1.17,51.4,Sp25D19,AL5,Anterior,Br9037,Control,13317,0.166835795091517,40,18.5,7.8,V13B23-280_C1,M,79821
V13B23-280_D1.17,51.4,Sp25D19,AL5,Anterior,Br9037,Control,8874,0.170016285084778,29,18.5,7.8,V13B23-280_D1,M,52195
V13B23-285_A1.15,41.3,Sp25D19,PR5,Posterior,Br8518,Control,191309,0.530887425525243,89,10.5,6.3,V13B23-285_A1,F,360357
V13B23-285_B1.17,41.3,Sp25D19,AR6,Anterior,Br8518,Control,104762,0.433328783385244,77,10.5,6.3,V13B23-285_B1,F,241761
V13B23-285_C1.17,41.3,Sp25D19,AR6,Anterior,Br8518,Control,201759,0.407466348921045,139,10.5,6.3,V13B23-285_C1,F,495155
V13B23-285_D1.17,41.3,Sp25D19,AR6,Anterior,Br8518,Control,155322,0.41803344870463,103,10.5,6.3,V13B23-285_D1,F,371554
V14F07-340_A1.15,57.5,Sp25D19,PL6,Posterior,Br9090,Control,14646,0.205436795152331,45,26.5,6.1,V14F07-340_A1,M,71292
V14F07-340_B1.15,57.5,Sp25D19,PL6,Posterior,Br9090,Control,46898,0.262369369167767,79,26.5,6.1,V14F07-340_B1,M,178748
V14F07-340_C1.15,57.5,Sp25D19,PL6,Posterior,Br9090,Control,18509,0.310777910237252,34,26.5,6.1,V14F07-340_C1,M,59557
V14F07-340_D1.15,57.5,Sp25D19,PL6,Posterior,Br9090,Control,4617,0.241184767277856,13,26.5,6.1,V14F07-340_D1,M,19143
V13B23-280_A1.18,51.4,Sp25D20,AL5,Anterior,Br9037,Control,5835,0.253717714583877,86,18.5,7.8,V13B23-280_A1,M,22998
V13B23-280_B1.18,51.4,Sp25D20,AL5,Anterior,Br9037,Control,7046,0.225126206147358,93,18.5,7.8,V13B23-280_B1,M,31298
V13B23-280_C1.18,51.4,Sp25D20,AL5,Anterior,Br9037,Control,9458,0.305077091800529,85,18.5,7.8,V13B23-280_C1,M,31002
V13B23-280_D1.18,51.4,Sp25D20,AL5,Anterior,Br9037,Control,17364,0.445516356638871,156,18.5,7.8,V13B23-280_D1,M,38975
V13B23-285_A1.16,41.3,Sp25D20,PR5,Posterior,Br8518,Control,50925,0.583814830100426,141,10.5,6.3,V13B23-285_A1,F,87228
V13B23-285_B1.18,41.3,Sp25D20,AR6,Anterior,Br8518,Control,22512,0.495302633605421,74,10.5,6.3,V13B23-285_B1,F,45451
V13B23-285_C1.18,41.3,Sp25D20,AR6,Anterior,Br8518,Control,25505,0.492926442735109,77,10.5,6.3,V13B23-285_C1,F,51742
V13B23-285_D1.18,41.3,Sp25D20,AR6,Anterior,Br8518,Control,36446,0.535364366819924,83,10.5,6.3,V13B23-285_D1,F,68077
V14F07-340_A1.16,57.5,Sp25D20,PL6,Posterior,Br9090,Control,8059,0.308797609012185,59,26.5,6.1,V14F07-340_A1,M,26098
V14F07-340_B1.16,57.5,Sp25D20,PL6,Posterior,Br9090,Control,9981,0.313956780220817,31,26.5,6.1,V14F07-340_B1,M,31791
V14F07-340_C1.16,57.5,Sp25D20,PL6,Posterior,Br9090,Control,9968,0.485888374360224,38,26.5,6.1,V14F07-340_C1,M,20515
V14F07-340_D1.16,57.5,Sp25D20,PL6,Posterior,Br9090,Control,11555,0.409592003119351,76,26.5,6.1,V14F07-340_D1,M,28211
V13B23-280_A1.19,51.4,Sp25D21,AL5,Anterior,Br9037,Control,43544,0.296552569568356,277,18.5,7.8,V13B23-280_A1,M,146834
V13B23-280_B1.19,51.4,Sp25D21,AL5,Anterior,Br9037,Control,53401,0.287307590911781,306,18.5,7.8,V13B23-280_B1,M,185867
V13B23-280_C1.19,51.4,Sp25D21,AL5,Anterior,Br9037,Control,133861,0.413939508261102,457,18.5,7.8,V13B23-280_C1,M,323383
V13B23-280_D1.19,51.4,Sp25D21,AL5,Anterior,Br9037,Control,141488,0.509341723484985,405,18.5,7.8,V13B23-280_D1,M,277786
V13B23-285_A1.17,41.3,Sp25D21,PR5,Posterior,Br8518,Control,347019,0.585921433419669,454,10.5,6.3,V13B23-285_A1,F,592262
V13B23-285_B1.19,41.3,Sp25D21,AR6,Anterior,Br8518,Control,244834,0.511981163047956,401,10.5,6.3,V13B23-285_B1,F,478209
V13B23-285_C1.19,41.3,Sp25D21,AR6,Anterior,Br8518,Control,310270,0.516467639000323,370,10.5,6.3,V13B23-285_C1,F,600754
V13B23-285_D1.19,41.3,Sp25D21,AR6,Anterior,Br8518,Control,256554,0.533304231236943,366,10.5,6.3,V13B23-285_D1,F,481065
V14F07-340_A1.17,57.5,Sp25D21,PL6,Posterior,Br9090,Control,24223,0.290555129066308,130,26.5,6.1,V14F07-340_A1,M,83368
V14F07-340_B1.17,57.5,Sp25D21,PL6,Posterior,Br9090,Control,32257,0.333640181212635,98,26.5,6.1,V14F07-340_B1,M,96682
V14F07-340_C1.17,57.5,Sp25D21,PL6,Posterior,Br9090,Control,58339,0.469359185807957,156,26.5,6.1,V14F07-340_C1,M,124295
V14F07-340_D1.17,57.5,Sp25D21,PL6,Posterior,Br9090,Control,57125,0.411984883670614,218,26.5,6.1,V14F07-340_D1,M,138658
V13B23-280_A1.20,51.4,Sp25D22,AL5,Anterior,Br9037,Control,10059,0.0396061045138123,23,18.5,7.8,V13B23-280_A1,M,253976
V13B23-280_B1.20,51.4,Sp25D22,AL5,Anterior,Br9037,Control,16334,0.0466443163840517,31,18.5,7.8,V13B23-280_B1,M,350182
V13B23-280_C1.20,51.4,Sp25D22,AL5,Anterior,Br9037,Control,17235,0.0589011274431067,29,18.5,7.8,V13B23-280_C1,M,292609
V13B23-280_D1.20,51.4,Sp25D22,AL5,Anterior,Br9037,Control,13773,0.0466370719517274,40,18.5,7.8,V13B23-280_D1,M,295323
V13B23-285_A1.18,41.3,Sp25D22,PR5,Posterior,Br8518,Control,8209,0.135829637964127,12,10.5,6.3,V13B23-285_A1,F,60436
V13B23-285_B1.20,41.3,Sp25D22,AR6,Anterior,Br8518,Control,18510,0.116192939285894,15,10.5,6.3,V13B23-285_B1,F,159304
V13B23-285_C1.20,41.3,Sp25D22,AR6,Anterior,Br8518,Control,29867,0.134285007755772,19,10.5,6.3,V13B23-285_C1,F,222415
V13B23-285_D1.20,41.3,Sp25D22,AR6,Anterior,Br8518,Control,21089,0.118656178966084,14,10.5,6.3,V13B23-285_D1,F,177732
V14F07-340_A1.18,57.5,Sp25D22,PL6,Posterior,Br9090,Control,10891,0.0821398134111667,28,26.5,6.1,V14F07-340_A1,M,132591
V14F07-340_B1.18,57.5,Sp25D22,PL6,Posterior,Br9090,Control,14442,0.0725622899175497,35,26.5,6.1,V14F07-340_B1,M,199029
V14F07-340_C1.18,57.5,Sp25D22,PL6,Posterior,Br9090,Control,11337,0.0728875344764403,27,26.5,6.1,V14F07-340_C1,M,155541
V14F07-340_D1.18,57.5,Sp25D22,PL6,Posterior,Br9090,Control,5176,0.0646176125440064,15,26.5,6.1,V14F07-340_D1,M,80102
V13B23-280_A1.21,51.4,Sp25D23,AL5,Anterior,Br9037,Control,39664,0.131640259404061,35,18.5,7.8,V13B23-280_A1,M,301306
V13B23-280_B1.21,51.4,Sp25D23,AL5,Anterior,Br9037,Control,36217,0.156430734145067,27,18.5,7.8,V13B23-280_B1,M,231521
V13B23-280_C1.21,51.4,Sp25D23,AL5,Anterior,Br9037,Control,17546,0.165927467019717,19,18.5,7.8,V13B23-280_C1,M,105745
V13B23-280_D1.21,51.4,Sp25D23,AL5,Anterior,Br9037,Control,16759,0.145314708356094,22,18.5,7.8,V13B23-280_D1,M,115329
V13B23-285_B1.21,41.3,Sp25D23,AR6,Anterior,Br8518,Control,41836,0.222280076296536,17,10.5,6.3,V13B23-285_B1,F,188213
V13B23-285_C1.21,41.3,Sp25D23,AR6,Anterior,Br8518,Control,69794,0.246468627284798,21,10.5,6.3,V13B23-285_C1,F,283176
V13B23-285_D1.21,41.3,Sp25D23,AR6,Anterior,Br8518,Control,91638,0.269055057077089,26,10.5,6.3,V13B23-285_D1,F,340592
V14F07-340_A1.19,57.5,Sp25D23,PL6,Posterior,Br9090,Control,40290,0.183273819000614,49,26.5,6.1,V14F07-340_A1,M,219835
V14F07-340_B1.19,57.5,Sp25D23,PL6,Posterior,Br9090,Control,113479,0.188334384439207,82,26.5,6.1,V14F07-340_B1,M,602540
V14F07-340_C1.19,57.5,Sp25D23,PL6,Posterior,Br9090,Control,66901,0.207965358276369,64,26.5,6.1,V14F07-340_C1,M,321693
V14F07-340_D1.19,57.5,Sp25D23,PL6,Posterior,Br9090,Control,26070,0.185861149530178,33,26.5,6.1,V14F07-340_D1,M,140266
V13B23-280_A1.22,51.4,Sp25D24,AL5,Anterior,Br9037,Control,22520,0.140270450397703,37,18.5,7.8,V13B23-280_A1,M,160547
V13B23-280_B1.22,51.4,Sp25D24,AL5,Anterior,Br9037,Control,14696,0.153126400133371,22,18.5,7.8,V13B23-280_B1,M,95973
V13B23-280_C1.22,51.4,Sp25D24,AL5,Anterior,Br9037,Control,23608,0.173886143171757,42,18.5,7.8,V13B23-280_C1,M,135767
V13B23-280_D1.22,51.4,Sp25D24,AL5,Anterior,Br9037,Control,8403,0.178494806381035,16,18.5,7.8,V13B23-280_D1,M,47077
V13B23-285_B1.22,41.3,Sp25D24,AR6,Anterior,Br8518,Control,21328,0.303527971878691,10,10.5,6.3,V13B23-285_B1,F,70267
V13B23-285_D1.22,41.3,Sp25D24,AR6,Anterior,Br8518,Control,29933,0.291409490060165,12,10.5,6.3,V13B23-285_D1,F,102718
V14F07-340_A1.20,57.5,Sp25D24,PL6,Posterior,Br9090,Control,49030,0.19444852051763,85,26.5,6.1,V14F07-340_A1,M,252149
V14F07-340_B1.20,57.5,Sp25D24,PL6,Posterior,Br9090,Control,64958,0.204390632227127,74,26.5,6.1,V14F07-340_B1,M,317813
V14F07-340_C1.20,57.5,Sp25D24,PL6,Posterior,Br9090,Control,80076,0.225092551729178,105,26.5,6.1,V14F07-340_C1,M,355747
V14F07-340_D1.20,57.5,Sp25D24,PL6,Posterior,Br9090,Control,48579,0.224751902657938,77,26.5,6.1,V14F07-340_D1,M,216145
