source,target,n_lr_pairs_in_cellpair,n_risk_lr_pairs_in_cellpair,risk_lr_fraction,n_nonrisk_lr_pairs_in_cellpair,n_risk_lr_pairs_outside_cellpair,n_nonrisk_lr_pairs_outside_cellpair,odds_ratio,pval,fdr,neglog10_pval,neglog10_fdr,risk_count_label,sig_label
Astrocyte,Excit_LHb,553.0,382.0,0.6907775768535263,171.0,415.0,330.0,1.7763686324244345,5.854761283958559e-07,0.00010889855988162919,6.232490807709131,3.962977863491215,382/553,***
LHb_C,Excit_LHb,481.0,330.0,0.6860706860706861,151.0,467.0,350.0,1.6379029170270998,2.490960582071399e-05,0.002126457843297604,4.60363314485383,2.672343222686476,330/481,**
LHb_C/GABA_LHb_C.2,Excit_LHb,482.0,330.0,0.6846473029045643,152.0,467.0,349.0,1.6224783049701341,3.429770714996136e-05,0.002126457843297604,4.4647349121847295,2.672343222686476,330/482,**
Excit.Thal/GABA_LHb_C.2,Excit.Thal/GABA_LHb_C.2,164.0,123.0,0.75,41.0,674.0,460.0,2.0474777448071215,6.38031367948738e-05,0.0027518750293898425,4.195157969253502,2.560371292558163,123/164,**
LHb_C,LHb_C,721.0,476.0,0.6601941747572816,245.0,321.0,256.0,1.5494437027147308,8.497231727488865e-05,0.0027518750293898425,4.070722537967075,2.560371292558163,476/721,**
Oligo,Excit_LHb,525.0,355.0,0.6761904761904762,170.0,442.0,331.0,1.5638142134681927,8.877016223838201e-05,0.0027518750293898425,4.051732986392436,2.560371292558163,355/525,**
Excit.Thal/GABA_LHb_C.2,Excit_LHb,514.0,347.0,0.6750972762645915,167.0,450.0,334.0,1.5422222222222222,0.00014920235097600073,0.003964519611648019,3.8262243336471293,2.40180942944347,347/514,**
LHb_C/GABA_LHb_C.2,MHb_B,346.0,240.0,0.6936416184971098,106.0,557.0,395.0,1.605636665424613,0.0002155614692157662,0.005011804159266563,3.6664288650179055,2.300005907791933,240/346,**
Endo,Excit_LHb,475.0,321.0,0.6757894736842105,154.0,476.0,347.0,1.519521444941613,0.00030143507033022126,0.006229658120157906,3.5208062212820175,2.205535786503426,321/475,**
MHb_B,Excit_LHb,479.0,323.0,0.6743215031315241,156.0,474.0,345.0,1.5070188250567997,0.000376684943201356,0.0070063399435452214,3.4240217390089813,2.154508794791065,323/479,**
Astrocyte,LHb_C,615.0,407.0,0.6617886178861788,208.0,390.0,293.0,1.4700567061143983,0.00047965197384629787,0.007836341513672452,3.319073763997528,2.105886645383848,407/615,**
Oligo,Oligo,257.0,181.0,0.7042801556420234,76.0,616.0,425.0,1.643134825700615,0.0005055704202369324,0.007836341513672452,3.2962183435541395,2.105886645383848,181/257,**
LHb_C/GABA_LHb_C.2,LHb_C,670.0,440.0,0.6567164179104478,230.0,357.0,271.0,1.4521982706125929,0.0006692636400831878,0.00957561823503638,3.1744027688111904,2.018833176900111,440/670,**
LHb_C/GABA_LHb_C.2,LHb_C/GABA_LHb_C.2,244.0,170.0,0.6967213114754098,74.0,627.0,427.0,1.5645070908228802,0.0018476267763723707,0.022930931479720345,2.7333857524514156,1.6395783033910345,170/244,*
LHb_A,Excit_LHb,553.0,365.0,0.6600361663652803,188.0,432.0,313.0,1.406680949566588,0.0019708940358288073,0.022930931479720345,2.705336724727111,1.6395783033910345,365/553,*
MHb_A,Oligo,100.0,75.0,0.75,25.0,722.0,476.0,1.9778393351800554,0.00207399393957244,0.022930931479720345,2.683192516999096,1.6395783033910345,75/100,*
OPC,Excit_LHb,497.0,330.0,0.6639839034205232,167.0,467.0,334.0,1.4132762312633833,0.0020958378234153005,0.022930931479720345,2.678642326230677,1.6395783033910345,330/497,*
Subependymal,LHb_C,509.0,337.0,0.6620825147347741,172.0,460.0,329.0,1.4013270980788675,0.002502017059323575,0.025854176279676944,2.6017097335135677,1.5874692943989572,337/509,*
Astrocyte,MHb_B,534.0,352.0,0.6591760299625468,182.0,445.0,319.0,1.3864427707124336,0.0030487225771245407,0.029845389439219185,2.51588209308479,1.5251227498197029,352/534,*
MHb_A,Excit_LHb,472.0,313.0,0.663135593220339,159.0,484.0,342.0,1.3910026508654296,0.0034903572449190724,0.032460322377747375,2.4571301198726703,1.4886471713187353,313/472,*
LHb_C,OPC,32.0,27.0,0.84375,5.0,770.0,496.0,3.4784415584415584,0.004091620557793651,0.03624006779760091,2.388104648004155,1.4408109985201578,27/32,*
Endo,LHb_C,525.0,345.0,0.6571428571428571,180.0,452.0,321.0,1.3611725663716814,0.004969781853140587,0.04201724657655224,2.3036626740547055,1.3765724106589954,345/525,*
Endo,OPC,34.0,28.0,0.8235294117647058,6.0,769.0,495.0,3.003901170351105,0.00688863547424156,0.05570809557430131,2.161866796190516,1.2540816879901928,28/34,
Excit.Thal/GABA_LHb_C.2,Ependymal,192.0,133.0,0.6927083333333334,59.0,664.0,442.0,1.5005615683071267,0.008900711321821296,0.06541752556481795,2.0505752842767335,1.184305887203842,133/192,
LHb_C,MHb_B,311.0,209.0,0.6720257234726688,102.0,588.0,399.0,1.390406162464986,0.009215698205848836,0.06541752556481795,2.035471755891413,1.184305887203842,209/311,
Oligo,LHb_C,635.0,411.0,0.647244094488189,224.0,386.0,277.0,1.3166982790525537,0.009376569005585726,0.06541752556481795,2.027956045898517,1.184305887203842,411/635,
MHb_B,Oligo,99.0,72.0,0.7272727272727273,27.0,725.0,474.0,1.743448275862069,0.009632627892447839,0.06541752556481795,2.0162552161467135,1.184305887203842,72/99,
Excit_LHb,Excit_LHb,572.0,372.0,0.6503496503496503,200.0,425.0,301.0,1.3173176470588235,0.009847799547391949,0.06541752556481795,2.006660800079539,1.184305887203842,372/572,
Oligo,OPC,32.0,26.0,0.8125,6.0,771.0,495.0,2.782101167315175,0.012894417827262968,0.08270212813347973,1.889598261134788,1.0824833148158277,26/32,
LHb_C,LHb_A,335.0,223.0,0.6656716417910448,112.0,574.0,389.0,1.3493498008959681,0.01390624713034557,0.08388391030483465,1.856790056958765,1.0763213328057673,223/335,
Endo,MHb_B,394.0,260.0,0.6598984771573604,134.0,537.0,367.0,1.3260513077072738,0.014352808013343923,0.08388391030483465,1.843063124337698,1.0763213328057673,260/394,
LHb_C,Oligo,200.0,137.0,0.685,63.0,660.0,438.0,1.443145743145743,0.01458193896261276,0.08388391030483465,1.8361847239758595,1.0763213328057673,137/200,
Oligo,MHb_A,310.0,207.0,0.667741935483871,103.0,590.0,398.0,1.3557018265591574,0.014949662786326928,0.08388391030483465,1.8253686034391592,1.0763213328057673,207/310,
Endo/microglia,OPC,28.0,23.0,0.8214285714285714,5.0,774.0,496.0,2.9478036175710596,0.01533361801271171,0.08388391030483465,1.8143553599814284,1.0763213328057673,23/28,
OPC,OPC,31.0,25.0,0.8064516129032258,6.0,772.0,495.0,2.6716321243523318,0.01748039584127165,0.09289581789932934,1.7574487370486689,1.032003837181028,25/31,
Ependymal,Oligo,113.0,80.0,0.7079646017699115,33.0,717.0,468.0,1.5823507036896158,0.019162164511016853,0.09900451664025374,1.717555435649092,1.004344992198463,80/113,
LHb_C/GABA_LHb_C.2,OPC,27.0,22.0,0.8148148148148148,5.0,775.0,496.0,2.816,0.021005891769837012,0.10375410464040581,1.6776588764921716,0.9839947130504085,22/27,
LHb_C,Ependymal,318.0,211.0,0.6635220125786163,107.0,586.0,394.0,1.3258588242799272,0.021197075141588285,0.10375410464040581,1.6737240606515145,0.9839947130504085,211/318,
Excit_LHb,Ependymal,241.0,162.0,0.6721991701244814,79.0,635.0,422.0,1.362782816704874,0.023046547147211747,0.10991430177900986,1.6373941317597749,0.9589457945683577,162/241,
LHb_C,LHb_C/GABA_LHb_C.2,284.0,189.0,0.6654929577464789,95.0,608.0,406.0,1.3284972299168976,0.025205959673885246,0.11720771248356639,1.598496762890041,0.9310438100000872,189/284,
OPC,Oligo,212.0,143.0,0.6745283018867925,69.0,654.0,432.0,1.3689668927004388,0.02784698645274223,0.1263302312246355,1.5552217964600394,0.8984927089618585,143/212,
Excit_LHb,OPC,26.0,21.0,0.8076923076923077,5.0,776.0,496.0,2.6845360824742266,0.028575962350055505,0.12655069040738867,1.5439991349910824,0.8977354811710666,21/26,
Excit.Thal/GABA_LHb_C.2,LHb_C,520.0,336.0,0.6461538461538462,184.0,461.0,317.0,1.2556823540507402,0.02947181984458946,0.12748275560682884,1.5305930462314745,0.8945485575931447,336/520,
Excit.Thal/GABA_LHb_C.2,Oligo,211.0,142.0,0.6729857819905213,69.0,655.0,432.0,1.3573182874211749,0.03169607661310606,0.13202465805104724,1.4989944920639522,0.8793449486774574,142/211,
Ependymal,LHb_C,448.0,291.0,0.6495535714285714,157.0,506.0,344.0,1.2600891216233228,0.031941449528479174,0.13202465805104724,1.49564537912003,0.8793449486774574,291/448,
MHb_B,LHb_A,447.0,290.0,0.6487695749440716,157.0,507.0,344.0,1.253282076407995,0.035349951224008844,0.14293675929707925,1.4516111811077725,0.8448560685714305,290/447,
LHb_A,MHb_B,512.0,330.0,0.64453125,182.0,467.0,319.0,1.238558015859943,0.03867090454381535,0.15303804776914162,1.4126156693080256,0.8152005830258268,330/512,
Astrocyte,OPC,18.0,15.0,0.8333333333333334,3.0,782.0,498.0,3.184143222506394,0.04135474199759039,0.16024962524066277,1.3834746842901793,0.7952029774478502,15/18,
Excit_LHb,LHb_C,508.0,327.0,0.6437007874015748,181.0,470.0,320.0,1.2300458445985658,0.0440937590854986,0.16505164978564177,1.3556228750793724,0.7823801302902303,327/508,
OPC,MHb_B,357.0,233.0,0.6526610644257703,124.0,564.0,377.0,1.2560197895218486,0.04436872306065639,0.16505164978564177,1.352923070172128,0.7823801302902303,233/357,
Ependymal,MHb_B,455.0,294.0,0.6461538461538462,161.0,503.0,340.0,1.234333131644913,0.04550183782480905,0.1659478791257742,1.3419710617812564,0.7800282936612764,294/455,
MHb_A,MHb_B,653.0,416.0,0.6370597243491577,237.0,381.0,264.0,1.2162530316621816,0.04859269461154694,0.1738123307259179,1.3134290173297078,0.7599194167465906,416/653,
Subependymal,MHb_B,476.0,306.0,0.6428571428571429,170.0,491.0,331.0,1.2134419551934827,0.0585900065076857,0.2056177586873498,1.232176453754698,0.6869393791375707,306/476,
Oligo,LHb_A,444.0,286.0,0.6441441441441441,158.0,511.0,343.0,1.2150164730362407,0.060624740608189676,0.20881855098376442,1.2173501065780985,0.6802309221831507,286/444,
Astrocyte,Oligo,178.0,119.0,0.6685393258426966,59.0,678.0,442.0,1.3148842557872107,0.06269235873581715,0.21201415863385434,1.202785389968368,0.6736351352446956,119/178,
Astrocyte,LHb_A,496.0,318.0,0.6411290322580645,178.0,479.0,323.0,1.2046867303136215,0.06418815051743823,0.21319635707577697,1.1925451376611438,0.6712202204494279,318/496,
Endo/microglia,Oligo,180.0,120.0,0.6666666666666666,60.0,677.0,441.0,1.3028064992614476,0.06850710203114185,0.22354949083846287,1.1642644034994944,0.6506263149540696,120/180,
OPC,Ependymal,237.0,156.0,0.6582278481012658,81.0,641.0,420.0,1.2619171433524008,0.06982507271405958,0.22392178491060485,1.1559886033634645,0.6499036527084855,156/237,
LHb_C/GABA_LHb_C.2,MHb_A,288.0,188.0,0.6527777777777778,100.0,609.0,401.0,1.2378981937602627,0.07123306170693518,0.22456524538118547,1.1473183886071248,0.6486574560313526,188/288,
LHb_C/GABA_LHb_C.2,Ependymal,319.0,207.0,0.6489028213166145,112.0,590.0,389.0,1.218568401937046,0.07925476129228984,0.24568976000609852,1.1009746377429614,0.6096129439086888,207/319,
Oligo,Ependymal,281.0,183.0,0.6512455516014235,98.0,614.0,403.0,1.2256365086751313,0.08351553942909798,0.25465393989856105,1.0782327094215662,0.5940496002144171,183/281,
Excit.Thal/GABA_LHb_C.2,OPC,31.0,23.0,0.7419354838709677,8.0,774.0,493.0,1.831233850129199,0.09572766554487641,0.28718299663462926,1.018962531845631,0.5418412771259686,23/31,
LHb_A,LHb_C,441.0,282.0,0.6394557823129252,159.0,515.0,342.0,1.1777981315259205,0.09833010570701183,0.2903079311349873,1.007313493961565,0.5371410991972305,282/441,
Oligo,Endo,377.0,242.0,0.6419098143236074,135.0,555.0,366.0,1.182142142142142,0.10402571651039076,0.30232473860832315,0.982859284182578,0.5195263139485489,242/377,
Excit.Thal/GABA_LHb_C.2,MHb_B,315.0,203.0,0.6444444444444445,112.0,594.0,389.0,1.1869739057239057,0.11326969592349857,0.31973121935110155,0.945886265366733,0.49521495606502486,203/315,
Excit_LHb,MHb_B,447.0,285.0,0.6375838926174496,162.0,512.0,339.0,1.1648220486111112,0.11420134996575289,0.31973121935110155,0.9423287622967205,0.49521495606502486,285/447,
MHb_A,LHb_A,481.0,306.0,0.6361746361746362,175.0,491.0,326.0,1.1609659586848997,0.11517199836840755,0.31973121935110155,0.9386530975821147,0.49521495606502486,306/481,
Endo,Oligo,183.0,120.0,0.6557377049180327,63.0,677.0,438.0,1.232327495252163,0.12087327359481737,0.33062395424464747,0.9176697157929022,0.4806656842812223,120/183,
Endo/microglia,MHb_B,266.0,172.0,0.6466165413533834,94.0,625.0,407.0,1.1915574468085106,0.12400557396215424,0.33427589502841576,0.9065587931716373,0.4758949396909764,172/266,
OPC,MHb_A,312.0,200.0,0.6410256410256411,112.0,597.0,389.0,1.163555874611151,0.14507377462638238,0.38168709570686815,0.838411089040171,0.4182925226760912,200/312,
Excit.Thal/GABA_LHb_C.2,Astrocyte,309.0,198.0,0.6407766990291263,111.0,599.0,390.0,1.161395117989442,0.14915586991397917,0.38168709570686815,0.826359650641929,0.4182925226760912,198/309,
Oligo,MHb_B,269.0,173.0,0.6431226765799256,96.0,624.0,405.0,1.1696213942307692,0.15126396052029278,0.38168709570686815,0.8202645327274897,0.4182925226760912,173/269,
LHb_C/GABA_LHb_C.2,Oligo,186.0,121.0,0.6505376344086021,65.0,676.0,436.0,1.2006372325898953,0.15288984599574548,0.38168709570686815,0.8156213568012218,0.4182925226760912,121/186,
Ependymal,Excit_LHb,282.0,181.0,0.6418439716312057,101.0,616.0,400.0,1.1636877973511637,0.15487519867435692,0.38168709570686815,0.8100181235012938,0.4182925226760912,181/282,
Endo,MHb_A,385.0,245.0,0.6363636363636364,140.0,552.0,361.0,1.1444746376811594,0.15592786248265966,0.38168709570686815,0.8070762745398562,0.4182925226760912,245/385,
LHb_C,MHb_A,242.0,156.0,0.6446280991735537,86.0,641.0,415.0,1.1744004643906687,0.15595816813829022,0.38168709570686815,0.8069918746132161,0.4182925226760912,156/242,
Astrocyte,MHb_A,583.0,367.0,0.6295025728987993,216.0,430.0,285.0,1.1261304909560723,0.16423592911739013,0.39672575085499434,0.784531828273149,0.40150960922771456,367/583,
OPC,LHb_C,585.0,368.0,0.629059829059829,217.0,429.0,284.0,1.1226622839526066,0.17086929219385358,0.40745754292380465,0.7673359795791493,0.3899176380517134,368/585,
Excit.Thal/GABA_LHb_C.2,Endo,351.0,223.0,0.6353276353276354,128.0,574.0,373.0,1.1321183580139373,0.18531489689457584,0.4363110230682418,0.7320896676801979,0.360203814752723,223/351,
Endo,LHb_A,413.0,261.0,0.6319612590799032,152.0,536.0,349.0,1.1180405538098979,0.19899083852321486,0.46265369956647456,0.7011669179139283,0.3347439606879555,261/413,
Subependymal,Oligo,137.0,89.0,0.6496350364963503,48.0,708.0,453.0,1.1863524011299436,0.20881387658957332,0.4794985314279091,0.6802406439550702,0.31921271861580364,89/137,
Excit.Thal/GABA_LHb_C.2,MHb_A,328.0,208.0,0.6341463414634146,120.0,589.0,381.0,1.1212224108658744,0.21199454209729576,0.4801388982146918,0.6736753200502094,0.31863310845350096,208/328,
Subependymal,Excit_LHb,341.0,216.0,0.6334310850439883,125.0,581.0,376.0,1.1182925989672978,0.2142555298484915,0.4801388982146918,0.6690679602953434,0.31863310845350096,216/341,
Excit_LHb,Oligo,166.0,107.0,0.6445783132530121,59.0,690.0,442.0,1.161729304839106,0.21811045221285472,0.4829588584713212,0.6613235218142458,0.3160898636582112,107/166,
LHb_C,Astrocyte,357.0,225.0,0.6302521008403361,132.0,572.0,369.0,1.0996106166560713,0.24991651965150596,0.5468761488844719,0.6022050357648239,0.26211101726120034,225/357,
LHb_A,OPC,12.0,9.0,0.75,3.0,788.0,498.0,1.8959390862944163,0.25528304354336756,0.5521237918496089,0.5929780310246269,0.2579635380502782,9/12,
Endo/microglia,Excit_LHb,342.0,215.0,0.6286549707602339,127.0,582.0,374.0,1.0878859214763104,0.28048016069773707,0.5944430343543308,0.5520978524264053,0.2258897576154301,215/342,
Endo/microglia,MHb_A,229.0,145.0,0.6331877729257642,84.0,652.0,417.0,1.1040205959684488,0.2812418657160275,0.5944430343543308,0.5509200296831778,0.2258897576154301,145/229,
OPC,Excit.Thal/GABA_LHb_C.2,88.0,57.0,0.6477272727272727,31.0,740.0,470.0,1.1678291194420227,0.2898612764360717,0.6057774990686442,0.5378097996620181,0.21768686208901458,57/88,
OPC,Astrocyte,328.0,206.0,0.6280487804878049,122.0,591.0,379.0,1.0828271060442152,0.2958998457495067,0.6115263478823137,0.5288552612339447,0.21358482645535326,206/328,
Astrocyte,Endo,364.0,228.0,0.6263736263736264,136.0,569.0,365.0,1.0754161066887211,0.3065788137555053,0.6266336193244394,0.5134578605285799,0.20298630863175718,228/364,
Subependymal,MHb_A,524.0,326.0,0.6221374045801527,198.0,471.0,303.0,1.05919063243904,0.3316493129767938,0.6705083936269961,0.4793208980209537,0.17359578114859264,326/524,
LHb_A,MHb_A,534.0,332.0,0.6217228464419475,202.0,465.0,299.0,1.0568295539231343,0.33801754127017397,0.6760350825403479,0.47106076161829097,0.17003076595430977,332/534,
LHb_C/GABA_LHb_C.2,LHb_A,369.0,230.0,0.6233062330623306,139.0,567.0,362.0,1.0564247015086343,0.35643288355012315,0.6886429435289998,0.44802223593265605,0.16200589833747656,230/369,
Excit.Thal/GABA_LHb_C.2,LHb_A,421.0,262.0,0.6223277909738717,159.0,535.0,342.0,1.0533591959090107,0.35809515806048214,0.6886429435289998,0.4460015512076749,0.16200589833747656,262/421,
LHb_A,Oligo,149.0,94.0,0.6308724832214765,55.0,703.0,446.0,1.0842881158670632,0.36132579868211345,0.6886429435289998,0.4421010286747633,0.16200589833747656,94/149,
Excit_LHb,LHb_A,491.0,305.0,0.6211812627291242,186.0,492.0,315.0,1.0498623131392604,0.3618452584872316,0.6886429435289998,0.4414771138665108,0.16200589833747656,305/491,
LHb_A,Endo,293.0,183.0,0.6245733788395904,110.0,614.0,391.0,1.0594166419899318,0.3628333788486128,0.6886429435289998,0.44029276686289803,0.16200589833747656,183/293,
Endo,Astrocyte,329.0,205.0,0.6231003039513677,124.0,592.0,377.0,1.0528144071490846,0.37307865461975864,0.7002815048940362,0.4281995980404914,0.15472734363420476,205/329,
MHb_A,LHb_C,321.0,200.0,0.6230529595015576,121.0,597.0,380.0,1.0520924180129296,0.3764954327387291,0.7002815048940362,0.4242402878521211,0.15472734363420476,200/321,
Oligo,Astrocyte,351.0,218.0,0.6210826210826211,133.0,579.0,368.0,1.0417754230134924,0.4005906685779374,0.7377214292623402,0.3972991714486096,0.13210760101333585,218/351,
Endo/microglia,Astrocyte,257.0,160.0,0.622568093385214,97.0,637.0,404.0,1.0461408988654939,0.40533089477756445,0.7391328081237941,0.39219029258187715,0.13127752012587832,160/257,
LHb_C/GABA_LHb_C.2,Astrocyte,350.0,217.0,0.62,133.0,580.0,368.0,1.0352087114337567,0.41980051130697554,0.7580863602242471,0.3769570367930114,0.12028131728026725,217/350,
OPC,LHb_A,416.0,257.0,0.6177884615384616,159.0,540.0,342.0,1.0236897274633123,0.4487945887152388,0.7993877940166438,0.3479523881718587,0.09724248733897176,257/416,
LHb_C,Endo,338.0,209.0,0.6183431952662722,129.0,588.0,372.0,1.0249960449295998,0.4512673030739119,0.7993877940166438,0.34556613248694995,0.09724248733897176,209/338,
Oligo,Excit.Thal/GABA_LHb_C.2,88.0,55.0,0.625,33.0,742.0,468.0,1.0512129380053907,0.46088534148835797,0.8013615607978211,0.3364071044421002,0.09617149336547358,55/88,
MHb_B,LHb_C,392.0,242.0,0.6173469387755102,150.0,555.0,351.0,1.0203243243243243,0.46099831723315515,0.8013615607978211,0.33630065989818025,0.09617149336547358,242/392,
Excit_LHb,MHb_A,441.0,272.0,0.6167800453514739,169.0,525.0,332.0,1.017796562411947,0.46621673312892653,0.8029288181664845,0.3314121431381722,0.09532295440720559,272/441,
Endo,Ependymal,297.0,183.0,0.6161616161616161,114.0,614.0,387.0,1.0117863877935882,0.4937776432834172,0.8412647929543589,0.30646857746291145,0.07506728598702886,183/297,
LHb_A,LHb_A,535.0,329.0,0.6149532710280374,206.0,468.0,295.0,1.0067110613227117,0.5003801284830114,0.8412647929543589,0.30069994570430836,0.07506728598702886,329/535,
Excit_LHb,Excit.Thal/GABA_LHb_C.2,66.0,41.0,0.6212121212121212,25.0,756.0,476.0,1.0325925925925925,0.5061896992103566,0.8412647929543589,0.2956866968340643,0.07506728598702886,41/66,
Excit_LHb,Endo,343.0,211.0,0.6151603498542274,132.0,586.0,369.0,1.006554452373565,0.5065680473703666,0.8412647929543589,0.29536220753476355,0.07506728598702886,211/343,
Endo/microglia,Excit.Thal/GABA_LHb_C.2,63.0,39.0,0.6190476190476191,24.0,758.0,477.0,1.0225923482849604,0.5230209753953129,0.8553740143293518,0.2814808937029502,0.06784394744464048,39/63,
Excit_LHb,Astrocyte,324.0,199.0,0.6141975308641975,125.0,598.0,376.0,1.000989966555184,0.5242614926534737,0.8553740143293518,0.28045204032608423,0.06784394744464048,199/324,
Endo,Endo,344.0,211.0,0.6133720930232558,133.0,586.0,368.0,0.9962790936385332,0.5381331130103676,0.863545243419772,0.26911028363604633,0.06371490366362174,211/344,
MHb_B,MHb_A,595.0,365.0,0.6134453781512605,230.0,432.0,271.0,0.9955213365539453,0.5385550980467395,0.863545243419772,0.26876985865461955,0.06371490366362174,365/595,
Endo/microglia,LHb_C,423.0,258.0,0.6099290780141844,165.0,539.0,336.0,0.9747343565525384,0.6075222682256378,0.9658046315381935,0.21643779873331526,0.01511071626156059,258/423,
MHb_A,Astrocyte,384.0,234.0,0.609375,150.0,563.0,351.0,0.972575488454707,0.6129810837935709,0.9662244202169846,0.21255292732632786,0.014921990414536917,234/384,
Endo/microglia,Ependymal,206.0,125.0,0.6067961165048543,81.0,672.0,420.0,0.9645061728395061,0.6231804421643248,0.9687769407131435,0.20538618497829614,0.013776207024606413,125/206,
MHb_B,Astrocyte,342.0,208.0,0.6081871345029239,134.0,589.0,367.0,0.9671844512581406,0.6274132054375339,0.9687769407131435,0.20244634475797788,0.013776207024606413,208/342,
Endo/microglia,LHb_A,257.0,156.0,0.6070038910505836,101.0,641.0,400.0,0.9638405338193726,0.630225859281131,0.9687769407131435,0.20050378092607263,0.013776207024606413,156/257,
OPC,LHb_C/GABA_LHb_C.2,65.0,39.0,0.6,26.0,758.0,475.0,0.9399736147757256,0.6466706233221613,0.9859076716223115,0.18931686754965615,0.0061637540064880475,39/65,
Ependymal,OPC,3.0,2.0,0.6666666666666666,1.0,795.0,500.0,1.2578616352201257,0.6681927257538512,1.0,0.1750982565969572,-0.0,2/3,
MHb_B,OPC,3.0,2.0,0.6666666666666666,1.0,795.0,500.0,1.2578616352201257,0.6681927257538512,1.0,0.1750982565969572,-0.0,2/3,
Ependymal,MHb_A,514.0,312.0,0.6070038910505836,202.0,485.0,299.0,0.9522098601612738,0.6842024307433685,1.0,0.1648153872445595,-0.0,312/514,
MHb_B,MHb_B,674.0,410.0,0.6083086053412463,264.0,387.0,237.0,0.9510805731735964,0.69016034120961,1.0,0.1610500002584944,-0.0,410/674,
LHb_A,Astrocyte,322.0,194.0,0.6024844720496895,128.0,603.0,373.0,0.937525912106136,0.7116139480848898,1.0,0.1477555480572888,-0.0,194/322,
MHb_A,Ependymal,530.0,321.0,0.6056603773584905,209.0,476.0,292.0,0.942181657351936,0.7165222070355874,1.0,0.14477034505231698,-0.0,321/530,
LHb_C/GABA_LHb_C.2,Endo,316.0,190.0,0.6012658227848101,126.0,607.0,375.0,0.9315917470777438,0.7269167033628244,1.0,0.138515351647772,-0.0,190/316,
Ependymal,Astrocyte,300.0,180.0,0.6,120.0,617.0,381.0,0.9262560777957861,0.7383059470746836,1.0,0.13176363330946472,-0.0,180/300,
Subependymal,Astrocyte,323.0,194.0,0.6006191950464397,129.0,603.0,372.0,0.9277642793783023,0.7383463581914195,1.0,0.1317398628863966,-0.0,194/323,
Endo/microglia,Endo,264.0,158.0,0.5984848484848485,106.0,639.0,395.0,0.9213984114329583,0.7433054286229401,1.0,0.12883269537897185,-0.0,158/264,
Ependymal,LHb_A,290.0,173.0,0.596551724137931,117.0,624.0,384.0,0.9099276791584484,0.777284250379736,1.0,0.10942013204038857,-0.0,173/290,
LHb_A,Ependymal,310.0,184.0,0.5935483870967742,126.0,613.0,375.0,0.8933426551697351,0.8201587838906812,1.0,0.08610205945551412,-0.0,184/310,
Subependymal,Endo,239.0,141.0,0.5899581589958159,98.0,656.0,403.0,0.883881906421105,0.8212350244936908,1.0,0.08553253687088766,-0.0,141/239,
Astrocyte,LHb_C/GABA_LHb_C.2,31.0,17.0,0.5483870967741935,14.0,780.0,487.0,0.7581501831501831,0.8284013188811375,1.0,0.0817592183464938,-0.0,17/31,
Ependymal,Ependymal,635.0,382.0,0.6015748031496063,253.0,415.0,248.0,0.9022905852659651,0.8310942344797049,1.0,0.08034973049475513,-0.0,382/635,
Subependymal,OPC,4.0,2.0,0.5,2.0,795.0,499.0,0.6276729559748427,0.8369299635748939,1.0,0.07731088335152196,-0.0,2/4,
MHb_A,OPC,2.0,1.0,0.5,1.0,796.0,500.0,0.628140703517588,0.8512033815145298,1.0,0.06996665975510821,-0.0,1/2,
Endo/microglia,LHb_C/GABA_LHb_C.2,28.0,15.0,0.5357142857142857,13.0,782.0,488.0,0.7200472162108991,0.8544460740815036,1.0,0.06831534133160429,-0.0,15/28,
OPC,Endo,340.0,201.0,0.5911764705882353,139.0,596.0,362.0,0.878301385737048,0.8580765305324798,1.0,0.06647397636371892,-0.0,201/340,
Subependymal,LHb_A,319.0,188.0,0.5893416927899686,131.0,609.0,370.0,0.871908647639103,0.8661271416985885,1.0,0.06241835176420185,-0.0,188/319,
Endo,Excit.Thal/GABA_LHb_C.2,58.0,32.0,0.5517241379310345,26.0,765.0,475.0,0.7642031171442936,0.8713810398740258,1.0,0.059791893984462455,-0.0,32/58,
Ependymal,Endo,215.0,125.0,0.5813953488372093,90.0,672.0,411.0,0.8494543650793651,0.8752082531863483,1.0,0.05788859560800601,-0.0,125/215,
Subependymal,Ependymal,602.0,360.0,0.5980066445182725,242.0,437.0,259.0,0.8816687784859202,0.8768421824468902,1.0,0.057078565653435734,-0.0,360/602,
Ependymal,LHb_C/GABA_LHb_C.2,16.0,8.0,0.5,8.0,789.0,493.0,0.6248415716096325,0.884099900776509,1.0,0.053498658171750535,-0.0,8/16,
MHb_B,Ependymal,457.0,271.0,0.5929978118161926,186.0,526.0,315.0,0.8725315834662087,0.8861029203320574,1.0,0.05251583213509367,-0.0,271/457,
Astrocyte,Astrocyte,397.0,234.0,0.5894206549118388,163.0,563.0,338.0,0.8618596693872659,0.8978438043998794,1.0,0.04679920986656989,-0.0,234/397,
MHb_A,Endo,259.0,150.0,0.5791505791505791,109.0,647.0,392.0,0.8337705429434369,0.912660919123155,1.0,0.03969054591178407,-0.0,150/259,
Excit_LHb,Subependymal,264.0,153.0,0.5795454545454546,111.0,644.0,390.0,0.8347322477757261,0.9127068639229612,1.0,0.0396686833882778,-0.0,153/264,
Endo/microglia,Endo/microglia,7.0,3.0,0.42857142857142855,4.0,794.0,497.0,0.46945843828715367,0.9172557435793183,1.0,0.037509560142202907,-0.0,3/7,
OPC,Endo/microglia,5.0,2.0,0.4,3.0,795.0,498.0,0.4176100628930818,0.9236892440207468,1.0,0.03447411352733377,-0.0,2/5,
LHb_A,Subependymal,281.0,162.0,0.5765124555160143,119.0,635.0,382.0,0.8189505723549262,0.9363479684167237,1.0,0.028562727458682206,-0.0,162/281,
Oligo,Endo/microglia,3.0,1.0,0.3333333333333333,2.0,796.0,499.0,0.31344221105527637,0.9427087093948691,1.0,0.02562248058733686,-0.0,1/3,
MHb_B,Endo,220.0,125.0,0.5681818181818182,95.0,672.0,406.0,0.7949561403508771,0.9455604078850538,1.0,0.02431072068133335,-0.0,125/220,
Astrocyte,Ependymal,466.0,273.0,0.5858369098712446,193.0,524.0,308.0,0.8314282324091287,0.9472384931469898,1.0,0.023540661738500716,-0.0,273/466,
Astrocyte,Excit.Thal/GABA_LHb_C.2,38.0,19.0,0.5,19.0,778.0,482.0,0.6195372750642674,0.9474440741191291,1.0,0.023446416207690127,-0.0,19/38,
LHb_A,Excit.Thal/GABA_LHb_C.2,49.0,25.0,0.5102040816326531,24.0,772.0,477.0,0.6436204663212435,0.9513207783046794,1.0,0.02167301749216726,-0.0,25/49,
Oligo,Subependymal,296.0,170.0,0.5743243243243243,126.0,627.0,375.0,0.8069415964152806,0.9515751042268104,1.0,0.021556928802020807,-0.0,170/296,
LHb_A,LHb_C/GABA_LHb_C.2,8.0,3.0,0.375,5.0,794.0,496.0,0.3748110831234257,0.9588124216756216,1.0,0.018266348198840973,-0.0,3/8,
MHb_A,Subependymal,491.0,287.0,0.5845213849287169,204.0,510.0,297.0,0.8192906574394464,0.9607762907339725,1.0,0.01737772264350672,-0.0,287/491,
LHb_C/GABA_LHb_C.2,Excit.Thal/GABA_LHb_C.2,26.0,12.0,0.46153846153846156,14.0,785.0,487.0,0.5317561419472248,0.9637846632308299,1.0,0.016019988936674206,-0.0,12/26,
Endo,LHb_C/GABA_LHb_C.2,30.0,14.0,0.4666666666666667,16.0,783.0,485.0,0.5419859514687101,0.9675608428596815,1.0,0.014321715831110117,-0.0,14/30,
Oligo,LHb_C/GABA_LHb_C.2,58.0,29.0,0.5,29.0,768.0,472.0,0.6145833333333334,0.9740390076879408,1.0,0.011423650426926186,-0.0,29/58,
Excit_LHb,LHb_C/GABA_LHb_C.2,17.0,7.0,0.4117647058823529,10.0,790.0,491.0,0.4350632911392405,0.9743754582305997,1.0,0.011273663226442602,-0.0,7/17,
Endo,Subependymal,313.0,178.0,0.5686900958466453,135.0,619.0,366.0,0.7796086878477831,0.9744925806677736,1.0,0.011221463049501258,-0.0,178/313,
LHb_C,Excit.Thal/GABA_LHb_C.2,25.0,11.0,0.44,14.0,786.0,487.0,0.48682297346419484,0.976519508523646,1.0,0.010319076124678384,-0.0,11/25,
MHb_B,LHb_C/GABA_LHb_C.2,4.0,1.0,0.25,3.0,796.0,498.0,0.20854271356783918,0.9779682913348609,1.0,0.00967522611377172,-0.0,1/4,
Endo/microglia,Subependymal,245.0,137.0,0.5591836734693878,108.0,660.0,393.0,0.7553451178451178,0.9783759024168168,1.0,0.009494252595120883,-0.0,137/245,
Subependymal,LHb_C/GABA_LHb_C.2,29.0,13.0,0.4482758620689655,16.0,784.0,485.0,0.5026307397959183,0.9783832328627733,1.0,0.009490998671659994,-0.0,13/29,
LHb_C,Subependymal,341.0,194.0,0.5689149560117303,147.0,603.0,354.0,0.7747656276440925,0.9798628688726155,1.0,0.008834699265756885,-0.0,194/341,
Subependymal,Subependymal,580.0,338.0,0.5827586206896552,242.0,459.0,259.0,0.7881128576315742,0.9836497479968667,1.0,0.007159514973811335,-0.0,338/580,
OPC,Subependymal,217.0,119.0,0.5483870967741935,98.0,678.0,403.0,0.7217656974294142,0.9874459151754595,1.0,0.0054866824195869525,-0.0,119/217,
Ependymal,Subependymal,552.0,318.0,0.5760869565217391,234.0,479.0,267.0,0.7575076280713023,0.9932495807083109,1.0,0.0029416096062066886,-0.0,318/552,
MHb_A,MHb_A,694.0,405.0,0.5835734870317003,289.0,392.0,212.0,0.757891391850858,0.9933398890678423,1.0,0.002902124425359885,-0.0,405/694,
Excit.Thal/GABA_LHb_C.2,LHb_C/GABA_LHb_C.2,22.0,8.0,0.36363636363636365,14.0,789.0,487.0,0.35270686221256564,0.995549567489856,1.0,0.0019371119786957144,-0.0,8/22,
MHb_B,Subependymal,431.0,243.0,0.5638051044083526,188.0,554.0,313.0,0.7302692219064444,0.9962420197689621,1.0,0.0016351444256280027,-0.0,243/431,
LHb_C/GABA_LHb_C.2,Subependymal,357.0,197.0,0.5518207282913166,160.0,600.0,341.0,0.6997604166666667,0.9980501533275264,1.0,0.0008476342976841109,-0.0,197/357,
Excit.Thal/GABA_LHb_C.2,Subependymal,164.0,84.0,0.5121951219512195,80.0,713.0,421.0,0.6199859747545582,0.9982707487383341,1.0,0.0007516543678664748,-0.0,84/164,
Astrocyte,Subependymal,434.0,239.0,0.5506912442396313,195.0,558.0,306.0,0.672125723738627,0.9996244047545553,1.0,0.00016314958354802454,-0.0,239/434,
Endo,Endo/microglia,1.0,0.0,0.0,1.0,797.0,500.0,0.0,1.0,1.0,-0.0,-0.0,0/1,
Ependymal,Excit.Thal/GABA_LHb_C.2,1.0,0.0,0.0,1.0,797.0,500.0,0.0,1.0,1.0,-0.0,-0.0,0/1,
MHb_A,Excit.Thal/GABA_LHb_C.2,1.0,0.0,0.0,1.0,797.0,500.0,0.0,1.0,1.0,-0.0,-0.0,0/1,
MHb_A,LHb_C/GABA_LHb_C.2,2.0,0.0,0.0,2.0,797.0,499.0,0.0,1.0,1.0,-0.0,-0.0,0/2,
MHb_B,Excit.Thal/GABA_LHb_C.2,2.0,0.0,0.0,2.0,797.0,499.0,0.0,1.0,1.0,-0.0,-0.0,0/2,
Subependymal,Excit.Thal/GABA_LHb_C.2,1.0,0.0,0.0,1.0,797.0,500.0,0.0,1.0,1.0,-0.0,-0.0,0/1,
