resolution,original_cluster_count,unique_cell_type_count,unique_mhb_lhb_counts,one_to_one_cell_type_count,multiple_mhb_lhb_counts,score_total,score_total_scaled
1.4,21,10,4,4,4,3.4,1
1.3,20,9,4,4,4,3.3,0.967032967032967
8,95,11,4,1,7,3.25,0.9505494505494506
1.8,25,10,4,3,4,3.15,0.9175824175824175
4,52,9,3,1,7,2.8,0.8021978021978021
1.6,24,9,3,2,5,2.7166666666666663,0.7747252747252746
1.2,19,8,3,2,5,2.6166666666666667,0.7417582417582418
1.5,22,8,4,1,4,2.45,0.6868131868131869
1.9,24,8,4,1,4,2.45,0.6868131868131869
2,28,9,3,1,4,2.3,0.6373626373626373
1.1,16,7,3,2,3,2.1833333333333336,0.598901098901099
1.7,23,7,3,0,5,2.0166666666666666,0.5439560439560439
0.2,5,4,1,4,1,1.55,0.3901098901098901
1,16,6,2,0,4,1.5,0.37362637362637363
0.7,11,5,1,2,3,1.4833333333333332,0.3681318681318681
0.8,12,5,1,1,3,1.2333333333333334,0.28571428571428575
0.9,14,6,2,0,2,1.1666666666666667,0.26373626373626374
0.4,9,4,0,2,2,0.9666666666666667,0.1978021978021978
0.3,6,3,0,2,2,0.8666666666666666,0.1648351648351648
0.1,4,1,0,1,2,0.41666666666666663,0.016483516483516463
0.5,10,3,0,0,2,0.3666666666666667,0
0.6,10,3,0,0,2,0.3666666666666667,0
