donor,in_visium_HE,in_visium_HD,in_multiome,age,ancestry,sex,PMI
Br3942,No,Yes,No,47.5,European,M,27.5
Br8274,No,No,Yes,46.7,African,M,25.5
Br8518,No,No,Yes,41.3,European,F,10.5
Br8667,No,Yes,Yes,37.3,European,F,13.5
Br9090,Yes,Yes,Yes,57.7,European,M,26.5
Br8651,No,No,Yes,40.6,African,M,28.5
Br6522,No,No,Yes,33.4,European,M,31.5
Br6432,No,No,Yes,48.9,European,M,30.5
Br8582,No,No,Yes,40,European,M,20.5
Br8433,No,Yes,Yes,48,European,M,14
Br9017,No,No,Yes,65,European,F,24.5
Br9902,No,Yes,Yes,20.4,European,F,26.5
Br9037,Yes,No,No,51.4,African,M,18.5
