cluster	marker_dataset	deg_dataset	n_universe	n_markers	n_degs	n_marker_degs	odds_ratio	p_value	fdr	fdr_plot	neg_log10_p	sig_label	odds_label
Astrocyte	HD cell	Fentanyl habenula	12982	90	402	6	2.2538546667042287	0.06031518590526154	0.22618194714473078	0.22618194714473078	0.645542061516245		
Endo	HD cell	Fentanyl habenula	12982	173	402	4	0.738081527734735	0.7879371067877139	0.9091582001396697	0.9091582001396697	0.04136053980363835		
Endo/microglia	HD cell	Fentanyl habenula	12982	9	402	1	3.918290810364319	0.246622189152229	0.6165554728805724	0.6165554728805724	0.21002784286044868		
Ependymal	HD cell	Fentanyl habenula	12982	157	402	5	1.0297693478505054	0.5382747492922473	0.8074121239383709	0.8074121239383709	0.09290473359798404		
Excit.Thal	HD cell	Fentanyl habenula	12982	100	402	16	6.164212429429005	6.617399366830345e-8	9.926099050245517e-7	9.926099050245517e-7	6.003221395392933	*	6.16
Excit.Thal/GABA_LHb_C.2	HD cell	Fentanyl habenula	12982	16	402	1	2.088852029804376	0.3956393298261973	0.7418237434241199	0.7418237434241199	0.12969927039665965		
Excit_LHb	HD cell	Fentanyl habenula	12982	126	402	2	0.5022741221023256	0.9055986359896524	0.9702842528460561	0.9702842528460561	0.013101016911104995		
LHb_A	HD cell	Fentanyl habenula	12982	62	402	4	2.1696345487819593	0.12528533283849963	0.3758559985154989	0.3758559985154989	0.42497851419161947		
LHb_C	HD cell	Fentanyl habenula	12982	149	402	14	3.325699902486713	2.1624340610679004e-4	0.0016218255458009252	0.0016218255458009252	2.7899958631770945	*	3.33
LHb_C/GABA_LHb_C.2	HD cell	Fentanyl habenula	12982	2	402	0	0	1	1	1	-0		
MHb_A	HD cell	Fentanyl habenula	12982	138	402	4	0.9334779136050152	0.6228816317862514	0.8493840433448883	0.8493840433448883	0.07089590198950842		
MHb_B	HD cell	Fentanyl habenula	12982	179	402	6	1.08659412115964	0.48049246575007354	0.8008207762501226	0.8008207762501226	0.09646466817891665		
OPC	HD cell	Fentanyl habenula	12982	70	402	3	1.4041555447147442	0.36938504105006265	0.7418237434241199	0.7418237434241199	0.12969927039665965		
Oligo	HD cell	Fentanyl habenula	12982	175	402	11	2.1296577972592368	0.020352675263658502	0.1017633763182925	0.1017633763182925	0.9924084923788522		
Subependymal	HD cell	Fentanyl habenula	12982	168	402	4	0.7608894951212428	0.768532571017839	0.9091582001396697	0.9091582001396697	0.04136053980363835		
Astrocyte	HD cell	Fentanyl amygdala	12982	90	2565	17	0.9453807108883415	0.6242313628211694	0.9999981694874878	0.9999981694874878	7.949822107313204e-7		
Endo	HD cell	Fentanyl amygdala	12982	173	2565	21	0.5574950077752774	0.9972067606881068	0.9999981694874878	0.9999981694874878	7.949822107313204e-7		
Endo/microglia	HD cell	Fentanyl amygdala	12982	9	2565	2	1.1604948992213087	0.5565232544933706	0.9999981694874878	0.9999981694874878	7.949822107313204e-7		
Ependymal	HD cell	Fentanyl amygdala	12982	157	2565	11	0.30300795549053366	0.9999981694874878	0.9999981694874878	0.9999981694874878	7.949822107313204e-7		
Excit.Thal	HD cell	Fentanyl amygdala	12982	100	2565	29	1.666258102779254	0.01676585579788211	0.08382927898941056	0.08382927898941056	1.0766042691659523		
Excit.Thal/GABA_LHb_C.2	HD cell	Fentanyl amygdala	12982	16	2565	9	5.235496156795917	0.001337278381786795	0.010029587863400963	0.010029587863400963	1.9987169126753157	*	5.24
Excit_LHb	HD cell	Fentanyl amygdala	12982	126	2565	23	0.9060361170999484	0.6992576697239503	0.9999981694874878	0.9999981694874878	7.949822107313204e-7		
LHb_A	HD cell	Fentanyl amygdala	12982	62	2565	15	1.2978437043572506	0.23124010538318981	0.5781002634579745	0.5781002634579745	0.23799683270355873		
LHb_C	HD cell	Fentanyl amygdala	12982	149	2565	21	0.6635616114231215	0.9718883266971166	0.9999981694874878	0.9999981694874878	7.949822107313204e-7		
LHb_C/GABA_LHb_C.2	HD cell	Fentanyl amygdala	12982	2	2565	1	4.061806446142424	0.35613638937659764	0.763149405806995	0.763149405806995	0.11739042958695703		
MHb_A	HD cell	Fentanyl amygdala	12982	138	2565	32	1.2288597454669783	0.18035342220674772	0.5781002634579745	0.5781002634579745	0.23799683270355873		
MHb_B	HD cell	Fentanyl amygdala	12982	179	2565	30	0.8155491037558542	0.8674030816980942	0.9999981694874878	0.9999981694874878	7.949822107313204e-7		
OPC	HD cell	Fentanyl amygdala	12982	70	2565	17	1.3046416457391763	0.20772063650740835	0.5781002634579745	0.5781002634579745	0.23799683270355873		
Oligo	HD cell	Fentanyl amygdala	12982	175	2565	60	2.1455683085976953	4.073901701787083e-6	6.110852552680625e-5	6.110852552680625e-5	4.213898195142834	*	2.15
Subependymal	HD cell	Fentanyl amygdala	12982	168	2565	28	0.8101834476685397	0.8677666982241427	0.9999981694874878	0.9999981694874878	7.949822107313204e-7		
Astrocyte	HD cell	Pilot habenula	14984	104	135	2	2.174021587537166	0.24087858742828908	0.9915032472129617	0.9915032472129617	0.0037058591244762897		
Endo	HD cell	Pilot habenula	14984	197	135	12	7.730414203117465	2.1491005112834443e-7	3.2236507669251663e-6	3.2236507669251663e-6	5.491652013458932	*	7.73
Endo/microglia	HD cell	Pilot habenula	14984	10	135	0	0	1	1	1	-0		
Ependymal	HD cell	Pilot habenula	14984	194	135	1	0.5667162330081291	0.8291969148150609	1	1	-0		
Excit.Thal	HD cell	Pilot habenula	14984	106	135	0	0	1	1	1	-0		
Excit.Thal/GABA_LHb_C.2	HD cell	Pilot habenula	14984	18	135	1	6.508621868054604	0.15040954674736395	0.9915032472129617	0.9915032472129617	0.0037058591244762897		
Excit_LHb	HD cell	Pilot habenula	14984	145	135	2	1.5463686525605345	0.3764431045525022	1	1	-0		
LHb_A	HD cell	Pilot habenula	14984	76	135	1	1.469967591634691	0.49820755464972144	1	1	-0		
LHb_C	HD cell	Pilot habenula	14984	197	135	1	0.5579280854270934	0.8338318266640888	1	1	-0		
LHb_C/GABA_LHb_C.2	HD cell	Pilot habenula	14984	3	135	0	0	1	1	1	-0		
MHb_A	HD cell	Pilot habenula	14984	160	135	1	0.6894912559239433	0.7667965574184091	1	1	-0		
MHb_B	HD cell	Pilot habenula	14984	198	135	3	1.7078403603719772	0.26440086592345646	0.9915032472129617	0.9915032472129617	0.0037058591244762897		
OPC	HD cell	Pilot habenula	14984	84	135	0	0	1	1	1	-0		
Oligo	HD cell	Pilot habenula	14984	200	135	0	0	1	1	1	-0		
Subependymal	HD cell	Pilot habenula	14984	197	135	1	0.5579280854270934	0.8338318266640888	1	1	-0		
Astrocyte	HD extracellular	Fentanyl habenula	12982	27	403	1	1.2009938533414057	0.5735725821406887	1	1	-0		
Endo	HD extracellular	Fentanyl habenula	12982	174	403	4	0.7317832134321153	0.7932593749594622	1	1	-0		
Endo/microglia	HD extracellular	Fentanyl habenula	12982	10	403	0	0	1	1	1	-0		
Ependymal	HD extracellular	Fentanyl habenula	12982	165	403	3	0.574876184298114	0.8906094502914643	1	1	-0		
Excit.Thal	HD extracellular	Fentanyl habenula	12982	62	403	5	2.759483186095018	0.04298237437556757	0.1611839039083784	0.1611839039083784	0.7926783297319114		
Excit.Thal/GABA_LHb_C.2	HD extracellular	Fentanyl habenula	12982	30	403	5	6.306321228331697	0.00211113039171045	0.015833477937828373	0.015833477937828373	1.8004236787381132	*	6.31
Excit_LHb	HD extracellular	Fentanyl habenula	12982	104	403	2	0.6101081197899736	0.8380707085884597	1	1	-0		
LHb_A	HD extracellular	Fentanyl habenula	12982	33	403	2	2.018670947846618	0.2733329085047306	0.5857133753672797	0.5857133753672797	0.2323148582976725		
LHb_C	HD extracellular	Fentanyl habenula	12982	140	403	9	2.170394813088182	0.030439838341874248	0.15219919170937124	0.15219919170937124	0.8175876539852356		
LHb_C/GABA_LHb_C.2	HD extracellular	Fentanyl habenula	12982	7	403	0	0	1	1	1	-0		
MHb_A	HD extracellular	Fentanyl habenula	12982	167	403	4	0.7636387151053395	0.7661825641907486	1	1	-0		
MHb_B	HD extracellular	Fentanyl habenula	12982	170	403	5	0.9451842707656832	0.6114529772393724	1	1	-0		
OPC	HD extracellular	Fentanyl habenula	12982	25	403	2	2.722279290012405	0.18123606893950414	0.45309017234876037	0.45309017234876037	0.3438153576861666		
Oligo	HD extracellular	Fentanyl habenula	12982	177	403	15	2.962763294305127	4.123861742549251e-4	0.006185792613823876	0.006185792613823876	2.2086046443363467	*	2.96
Subependymal	HD extracellular	Fentanyl habenula	12982	165	403	8	1.6023620704896315	0.14182888556931678	0.42548665670795033	0.42548665670795033	0.3711140548719225		
Astrocyte	HD extracellular	Fentanyl amygdala	12982	27	2565	4	0.7058591633609163	0.8098466220798537	0.9999981569557608	0.9999981569557608	8.004246806081679e-7		
Endo	HD extracellular	Fentanyl amygdala	12982	174	2565	22	0.5842694744400418	0.9951731427245163	0.9999981569557608	0.9999981569557608	8.004246806081679e-7		
Endo/microglia	HD extracellular	Fentanyl amygdala	12982	10	2565	1	0.45106100611344396	0.8894293889187679	0.9999981569557608	0.9999981569557608	8.004246806081679e-7		
Ependymal	HD extracellular	Fentanyl amygdala	12982	165	2565	12	0.3153385304490159	0.9999981569557608	0.9999981569557608	0.9999981569557608	8.004246806081679e-7		
Excit.Thal	HD extracellular	Fentanyl amygdala	12982	62	2565	15	1.2978437043572506	0.23124010538318981	0.6937203161495694	0.6937203161495694	0.15881558665593393		
Excit.Thal/GABA_LHb_C.2	HD extracellular	Fentanyl amygdala	12982	30	2565	9	1.743035815235107	0.12116221696431974	0.6058110848215987	0.6058110848215987	0.21766278443200066		
Excit_LHb	HD extracellular	Fentanyl amygdala	12982	104	2565	22	1.0903771948873924	0.398082770244169	0.8530345076660764	0.8530345076660764	0.06903340003314141		
LHb_A	HD extracellular	Fentanyl amygdala	12982	33	2565	7	1.0936684529931562	0.4856243538684414	0.9105456635033276	0.9105456635033276	0.04069826962716924		
LHb_C	HD extracellular	Fentanyl amygdala	12982	140	2565	22	0.7550916587460017	0.9087371021062627	0.9999981569557608	0.9999981569557608	8.004246806081679e-7		
LHb_C/GABA_LHb_C.2	HD extracellular	Fentanyl amygdala	12982	7	2565	5	10.168311141875993	0.004406226707435463	0.03304670030576597	0.03304670030576597	1.48087189807061	*	10.17
MHb_A	HD extracellular	Fentanyl amygdala	12982	167	2565	35	1.077905447961445	0.37767760170303627	0.8530345076660764	0.8530345076660764	0.06903340003314141		
MHb_B	HD extracellular	Fentanyl amygdala	12982	170	2565	29	0.8334126956870374	0.8380938185754809	0.9999981569557608	0.9999981569557608	8.004246806081679e-7		
OPC	HD extracellular	Fentanyl amygdala	12982	25	2565	7	1.5808787196199365	0.21048272386390152	0.6937203161495694	0.6937203161495694	0.15881558665593393		
Oligo	HD extracellular	Fentanyl amygdala	12982	177	2565	60	2.1084969066953962	6.136245709854273e-6	9.204368564781409e-5	9.204368564781409e-5	4.0360059994725335	*	2.11
Subependymal	HD extracellular	Fentanyl amygdala	12982	165	2565	32	0.9768413703788038	0.5784521575620993	0.9640869292701656	0.9640869292701656	0.015883805101053073		
Astrocyte	HD extracellular	Pilot habenula	14980	37	135	0	0	1	1	1	-0		
Endo	HD extracellular	Pilot habenula	14980	198	135	16	10.826088923560015	2.746830281490687e-11	4.1202454222360304e-10	4.1202454222360304e-10	9.385076914464827	*	10.83
Endo/microglia	HD extracellular	Pilot habenula	14980	11	135	0	0	1	1	1	-0		
Ependymal	HD extracellular	Pilot habenula	14980	194	135	0	0	1	1	1	-0		
Excit.Thal	HD extracellular	Pilot habenula	14980	68	135	0	0	1	1	1	-0		
Excit.Thal/GABA_LHb_C.2	HD extracellular	Pilot habenula	14980	38	135	1	2.986234981741346	0.29138048389888715	0.7284512097472179	0.7284512097472179	0.13759953112411943		
Excit_LHb	HD extracellular	Pilot habenula	14980	118	135	2	1.9092816342401477	0.28773712297900444	0.7284512097472179	0.7284512097472179	0.13759953112411943		
LHb_A	HD extracellular	Pilot habenula	14980	45	135	2	5.175042169002888	0.06206620954217002	0.46549657156627516	0.46549657156627516	0.3320835132977436		
LHb_C	HD extracellular	Pilot habenula	14980	198	135	1	0.5549066589841376	0.8354290657918917	1	1	-0		
LHb_C/GABA_LHb_C.2	HD extracellular	Pilot habenula	14980	7	135	0	0	1	1	1	-0		
MHb_A	HD extracellular	Pilot habenula	14980	196	135	0	0	1	1	1	-0		
MHb_B	HD extracellular	Pilot habenula	14980	199	135	4	2.293786039183568	0.10546972622363554	0.5273486311181776	0.5273486311181776	0.2779021769856054		
OPC	HD extracellular	Pilot habenula	14980	31	135	0	0	1	1	1	-0		
Oligo	HD extracellular	Pilot habenula	14980	200	135	0	0	1	1	1	-0		
Subependymal	HD extracellular	Pilot habenula	14980	199	135	3	1.6985473393762394	0.2669639809149818	0.7284512097472179	0.7284512097472179	0.13759953112411943		
Astrocyte	Multiome RNA	Fentanyl habenula	13314	54	407	5	3.2632324009314995	0.02417284312775876	0.10273458329297473	0.10273458329297473	0.9882833362950252		
Endo	Multiome RNA	Fentanyl habenula	13314	76	407	1	0.42143085477394454	0.9061723669853718	1	1	-0		
Ependymal	Multiome RNA	Fentanyl habenula	13314	168	407	2	0.37904538066653637	0.9665651726693528	1	1	-0		
Excit.Thal	Multiome RNA	Fentanyl habenula	13314	180	407	31	7.055778457478875	3.564990491516476e-15	6.060483835578008e-14	6.060483835578008e-14	13.217492702775338	*	7.06
GABA_LHb_C.1	Multiome RNA	Fentanyl habenula	13314	86	407	3	1.147308156425366	0.49174214700234053	0.8579350092802996	0.8579350092802996	0.0665456097969532		
GABA_LHb_C.2	Multiome RNA	Fentanyl habenula	13314	170	407	4	0.7618281377457367	0.7677386931517651	1	1	-0		
Inhib.Thal	Multiome RNA	Fentanyl habenula	13314	180	407	17	3.407444968312195	3.749855089324036e-5	2.1249178839502871e-4	2.1249178839502871e-4	3.6726578483131216	*	3.41
LHb_A	Multiome RNA	Fentanyl habenula	13314	89	407	6	2.311578073031928	0.054901132960972404	0.18666385206730618	0.18666385206730618	0.7289397761466049		
LHb_B	Multiome RNA	Fentanyl habenula	13314	160	407	1	0.1974902044902263	0.9932470998501992	1	1	-0		
LHb_C	Multiome RNA	Fentanyl habenula	13314	11	407	0	0	1	1	1	-0		
MHb_A	Multiome RNA	Fentanyl habenula	13314	49	407	2	1.3511580956439317	0.44434961284914953	0.8579350092802996	0.8579350092802996	0.0665456097969532		
MHb_B	Multiome RNA	Fentanyl habenula	13314	60	407	3	1.6739568347481393	0.2777003374469788	0.78681762276644	0.78681762276644	0.10412592152276862		
MHb_C	Multiome RNA	Fentanyl habenula	13314	88	407	1	0.36296439101778905	0.9355059607915269	1	1	-0		
MHb_D	Multiome RNA	Fentanyl habenula	13314	82	407	2	0.7918014362062212	0.7197828859093984	1	1	-0		
Microglia	Multiome RNA	Fentanyl habenula	13314	40	407	2	1.6722923729344166	0.34692345616555587	0.8425283935449214	0.8425283935449214	0.07441545431170249		
OPC	Multiome RNA	Fentanyl habenula	13314	55	407	2	1.1976511851561815	0.5046676525178233	0.8579350092802996	0.8579350092802996	0.0665456097969532		
Oligo	Multiome RNA	Fentanyl habenula	13314	187	407	20	3.9418134037332218	1.149771399005086e-6	9.77305689154323e-6	9.77305689154323e-6	5.00996957307956	*	3.94
Astrocyte	Multiome RNA	Fentanyl amygdala	13314	54	2643	7	0.6002912709313132	0.9320200963255685	0.9902713523459166	0.9902713523459166	0.004245784514649986		
Endo	Multiome RNA	Fentanyl amygdala	13314	76	2643	19	1.348289391593684	0.16198442779252753	0.4589558787454947	0.4589558787454947	0.3382290629123641		
Ependymal	Multiome RNA	Fentanyl amygdala	13314	168	2643	21	0.5734190042913975	0.9956930012096037	0.9956930012096037	0.9956930012096037	0.0018745455449601235		
Excit.Thal	Multiome RNA	Fentanyl amygdala	13314	180	2643	42	1.2324650754676645	0.1394853352400374	0.4589558787454947	0.4589558787454947	0.3382290629123641		
GABA_LHb_C.1	Multiome RNA	Fentanyl amygdala	13314	86	2643	18	1.0692156732881797	0.4432956128810337	0.6073600779193566	0.6073600779193566	0.21655375787236789		
GABA_LHb_C.2	Multiome RNA	Fentanyl amygdala	13314	170	2643	101	6.103838850249443	5.1224903940348255e-30	8.708233669859204e-29	8.708233669859204e-29	28.060069925959734	*	6.10
Inhib.Thal	Multiome RNA	Fentanyl amygdala	13314	180	2643	39	1.1185070259126086	0.29668707218567025	0.5043680227156394	0.5043680227156394	0.2972524557991447		
LHb_A	Multiome RNA	Fentanyl amygdala	13314	89	2643	19	1.0965865323338861	0.4024767101701441	0.6073600779193566	0.6073600779193566	0.21655375787236789		
LHb_B	Multiome RNA	Fentanyl amygdala	13314	160	2643	32	1.0094786838838468	0.5130084432573996	0.6229388239554138	0.6229388239554138	0.20555460137153458		
LHb_C	Multiome RNA	Fentanyl amygdala	13314	11	2643	5	3.36885159213486	0.04891008862898893	0.27715716889760394	0.27715716889760394	0.557273883543088		
MHb_A	Multiome RNA	Fentanyl amygdala	13314	49	2643	7	0.6720636145461649	0.8799184930044022	0.9902713523459166	0.9902713523459166	0.004245784514649986		
MHb_B	Multiome RNA	Fentanyl amygdala	13314	60	2643	14	1.2299892254407188	0.2949867546714554	0.5043680227156394	0.5043680227156394	0.2972524557991447		
MHb_C	Multiome RNA	Fentanyl amygdala	13314	88	2643	20	1.1888591768430774	0.2867220446699292	0.5043680227156394	0.5043680227156394	0.2972524557991447		
MHb_D	Multiome RNA	Fentanyl amygdala	13314	82	2643	17	1.0563160203387196	0.46445182429127274	0.6073600779193566	0.6073600779193566	0.21655375787236789		
Microglia	Multiome RNA	Fentanyl amygdala	13314	40	2643	11	1.5336129759631925	0.1545028389956071	0.4589558787454947	0.4589558787454947	0.3382290629123641		
OPC	Multiome RNA	Fentanyl amygdala	13314	55	2643	13	1.2509006658077328	0.2879035334659258	0.5043680227156394	0.5043680227156394	0.2972524557991447		
Oligo	Multiome RNA	Fentanyl amygdala	13314	187	2643	50	1.4826049376066666	0.013192050105224947	0.11213242589441205	0.11213242589441205	0.9502687821357986		
Astrocyte	Multiome RNA	Pilot habenula	19441	64	160	0	0	1	1	1	-0		
Endo	Multiome RNA	Pilot habenula	19441	121	160	1	1.0042453129374687	0.6332467006023981	1	1	-0		
Ependymal	Multiome RNA	Pilot habenula	19441	197	160	1	0.6124173722456745	0.8053050364565033	1	1	-0		
Excit.Thal	Multiome RNA	Pilot habenula	19441	196	160	0	0	1	1	1	-0		
GABA_LHb_C.1	Multiome RNA	Pilot habenula	19441	105	160	0	0	1	1	1	-0		
GABA_LHb_C.2	Multiome RNA	Pilot habenula	19441	200	160	1	0.6030904125804518	0.8101212655620464	1	1	-0		
Inhib.Thal	Multiome RNA	Pilot habenula	19441	199	160	3	1.8605798811034298	0.2255530275300175	1	1	-0		
LHb_A	Multiome RNA	Pilot habenula	19441	96	160	1	1.2701552782558978	0.5485563911140519	1	1	-0		
LHb_B	Multiome RNA	Pilot habenula	19441	194	160	4	2.576141173900332	0.07658028867034529	1	1	-0		
LHb_C	Multiome RNA	Pilot habenula	19441	11	160	0	0	1	1	1	-0		
MHb_A	Multiome RNA	Pilot habenula	19441	53	160	0	0	1	1	1	-0		
MHb_B	Multiome RNA	Pilot habenula	19441	63	160	1	1.9494916423483208	0.4063543329154927	1	1	-0		
MHb_C	Multiome RNA	Pilot habenula	19441	92	160	2	2.6988416130214183	0.1753262436436389	1	1	-0		
MHb_D	Multiome RNA	Pilot habenula	19441	94	160	0	0	1	1	1	-0		
Microglia	Multiome RNA	Pilot habenula	19441	46	160	1	2.6881730024799704	0.3165421528396658	1	1	-0		
OPC	Multiome RNA	Pilot habenula	19441	59	160	0	0	1	1	1	-0		
Oligo	Multiome RNA	Pilot habenula	19441	198	160	0	0	1	1	1	-0		
