cell_type,gwas_group,dataset
Hb,externalizing_Linnér,HD Cellular
Hb,p_factor_Grotzinger,HD Cellular
MHb,SCZ_Trubetskoy,HD Cellular
MHb_A,AUD_Zhou,HD Cellular
LHb_A,panic_Forster,HD Cellular
LHb_A,SUD_Hotoum,HD Cellular
Hb,CUD_Johnson,HD Extracellular
MHb,externalizing_Linnér,HD Extracellular
MHb,internalizing_F4_Grotzinger,HD Extracellular
MHb,p_factor_Grotzinger,HD Extracellular
MHb,SCZ_Trubetskoy,HD Extracellular
LHb_A,panic_Forster,HD Extracellular
Hb,externalizing_Linnér,Multiome Cellular
Hb,MDD_Howard,Multiome Cellular
Hb,neurodev_F3_Grotzinger,Multiome Cellular
Hb,p_factor_Grotzinger,Multiome Cellular
Hb,SCZ_Trubetskoy,Multiome Cellular
Hb,SUD_F5_Grotzinger,Multiome Cellular
MHb,compulsive_F1_Grotzinger,Multiome Cellular
MHb,externalizing_Linnér,Multiome Cellular
MHb,internalizing_F4_Grotzinger,Multiome Cellular
MHb,MDD_Howard,Multiome Cellular
LHb,neurodev_F3_Grotzinger,Multiome Cellular
MHb,p_factor_Grotzinger,Multiome Cellular
MHb,SCZ_Trubetskoy,Multiome Cellular
MHb,SCZ/BPD_F2_Grotzinger,Multiome Cellular
MHb,SUD_F5_Grotzinger,Multiome Cellular
MHb_C,CUD_Johnson,Multiome Cellular
Inhib.Thal,externalizing_Linnér,Multiome Cellular
GABA_LHb_C.1,externalizing_Linnér,Multiome Cellular
MHb_A,externalizing_Linnér,Multiome Cellular
MHb_C,externalizing_Linnér,Multiome Cellular
MHb_A,internalizing_F4_Grotzinger,Multiome Cellular
MHb_C,internalizing_F4_Grotzinger,Multiome Cellular
Inhib.Thal,MDD_Howard,Multiome Cellular
MHb_A,MDD_Howard,Multiome Cellular
MHb_C,MDD_Howard,Multiome Cellular
MHb_C,neurodev_F3_Grotzinger,Multiome Cellular
MHb_A,p_factor_Grotzinger,Multiome Cellular
MHb_C,p_factor_Grotzinger,Multiome Cellular
MHb_C,panic_Forster,Multiome Cellular
MHb_A,SCZ_Trubetskoy,Multiome Cellular
Oligo,SCZ_Trubetskoy,Multiome Cellular
Inhib.Thal,SCZ/BPD_F2_Grotzinger,Multiome Cellular
MHb_C,SUD_Hotoum,Multiome Cellular
MHb_A,SUD_F5_Grotzinger,Multiome Cellular
LHb_A,SUD_Polimanti,Multiome Cellular
Factor_1,AUD_Zhou,Extracellular k = 17
Factor_3,externalizing_Linnér,Extracellular k = 17
Factor_1,internalizing_F4_Grotzinger,Extracellular k = 17
Factor_4,internalizing_F4_Grotzinger,Extracellular k = 17
Factor_4,neurodev_F3_Grotzinger,Extracellular k = 17
Factor_1,p_factor_Grotzinger,Extracellular k = 17
Factor_4,p_factor_Grotzinger,Extracellular k = 17
Factor_1,SCZ_Trubetskoy,Extracellular k = 17
Factor_2,SCZ_Trubetskoy,Extracellular k = 17
Factor_4,SCZ_Trubetskoy,Extracellular k = 17
Factor_0,SCZ/BPD_F2_Grotzinger,Extracellular k = 17
Factor_1,SCZ/BPD_F2_Grotzinger,Extracellular k = 17
Factor_4,SCZ/BPD_F2_Grotzinger,Extracellular k = 17
Factor_2,SUD_Hotoum,Extracellular k = 17
Factor_3,SUD_Hotoum,Extracellular k = 17
