sample_id,tissue_id,donor,spaceranger_dir,batch_num
H1-W369TJK_D1_9090,Br9090_1,Br9090,processed-data/01_spaceranger/five_samples_10_2025/H1-W369TJK_D1_9090,1
H1-W369TJK_D1_9090,Br9090_2,Br9090,processed-data/01_spaceranger/five_samples_10_2025/H1-W369TJK_D1_9090,1
H1-MVPY9BW_A1_8433,Br8433_1,Br8433,processed-data/01_spaceranger/five_samples_10_2025/H1-MVPY9BW_A1_8433,2
H1-MVPY9BW_A1_8433,Br8433_2,Br8433,processed-data/01_spaceranger/five_samples_10_2025/H1-MVPY9BW_A1_8433,2
H1-MVPY9BW_D1_8667,Br8667_1,Br8667,processed-data/01_spaceranger/five_samples_10_2025/H1-MVPY9BW_D1_8667,2
H1-MVPY9BW_D1_8667,Br8667_2,Br8667,processed-data/01_spaceranger/five_samples_10_2025/H1-MVPY9BW_D1_8667,2
H1-6FX4YN3_A1_3942,Br3942_1,Br3942,processed-data/01_spaceranger/five_samples_10_2025/H1-6FX4YN3_A1_3942,3
H1-6FX4YN3_A1_3942,Br3942_2,Br3942,processed-data/01_spaceranger/five_samples_10_2025/H1-6FX4YN3_A1_3942,3
H1-6FX4YN3_D1_9902,Br9902_1,Br9902,processed-data/01_spaceranger/five_samples_10_2025/H1-6FX4YN3_D1_9902,3
H1-6FX4YN3_D1_9902,Br9902_2,Br9902,processed-data/01_spaceranger/five_samples_10_2025/H1-6FX4YN3_D1_9902,3
