perm,neighbor,Z,scale,reference,id
1,Astrocyte,1.1854332846712514,100,Astrocyte,NA
2,Astrocyte,1.342925914537615,100,Astrocyte,NA
3,Astrocyte,1.402012720784512,100,Astrocyte,NA
4,Astrocyte,1.421711610155495,100,Astrocyte,NA
5,Astrocyte,1.5793620058186342,100,Astrocyte,NA
1,Endo,0.2116764692364072,100,Astrocyte,NA
2,Endo,0.19388734712472566,100,Astrocyte,NA
3,Endo,0.46123886990451096,100,Astrocyte,NA
4,Endo,0.3006954555413134,100,Astrocyte,NA
5,Endo,0.46123886990451096,100,Astrocyte,NA
1,Excit.Thal,-0.7928120291736206,100,Astrocyte,NA
2,Excit.Thal,-0.8610232141001399,100,Astrocyte,NA
3,Excit.Thal,-0.7655138864213542,100,Astrocyte,NA
4,Excit.Thal,-1.1333815388282031,100,Astrocyte,NA
5,Excit.Thal,-1.1605747206760462,100,Astrocyte,NA
1,LHb.2.7,0.5564839027251912,100,Astrocyte,NA
2,LHb.2.7,0.3633284693323318,100,Astrocyte,NA
3,LHb.2.7,0.2990543053815744,100,Astrocyte,NA
4,LHb.2.7,0.4920431445492305,100,Astrocyte,NA
5,LHb.2.7,-0.03748087288750375,100,Astrocyte,NA
1,MHb.1,-0.3537100947429594,100,Astrocyte,NA
2,MHb.1,-0.3243938900863374,100,Astrocyte,NA
3,MHb.1,-0.29507414922537845,100,Astrocyte,NA
4,MHb.1,-0.4123319052967106,100,Astrocyte,NA
5,MHb.1,-0.1875381386877788,100,Astrocyte,NA
1,MHb.2,-1.6057898540649849,100,Astrocyte,NA
2,MHb.2,-2.2268907176495367,100,Astrocyte,NA
3,MHb.2,-2.300801134774563,100,Astrocyte,NA
4,MHb.2,-2.325408740853106,100,Astrocyte,NA
5,MHb.2,-2.3500017814442677,100,Astrocyte,NA
1,Oligo,-0.2558831442472387,100,Astrocyte,NA
2,Oligo,0.32390436262931205,100,Astrocyte,NA
3,Oligo,-0.1866888203412361,100,Astrocyte,NA
4,Oligo,0.4875500750292913,100,Astrocyte,NA
5,Oligo,-0.0016665233046798836,100,Astrocyte,NA
1,OPC,0.010629065390912983,100,Astrocyte,NA
2,OPC,-0.005362141478623067,100,Astrocyte,NA
3,OPC,-0.037334314658159194,100,Astrocyte,NA
4,OPC,0.0586231897385597,100,Astrocyte,NA
5,OPC,0.20279053882520526,100,Astrocyte,NA
1,Astrocyte,4.585261753711646,200,Astrocyte,NA
2,Astrocyte,5.005064517458434,200,Astrocyte,NA
3,Astrocyte,4.4055857077016745,200,Astrocyte,NA
4,Astrocyte,4.435521782797352,200,Astrocyte,NA
5,Astrocyte,4.575275994829355,200,Astrocyte,NA
1,Endo,0.8014794694881262,200,Astrocyte,NA
2,Endo,0.9092977281195436,200,Astrocyte,NA
3,Endo,0.9452772750746178,200,Astrocyte,NA
4,Endo,0.08725505906359342,200,Astrocyte,NA
5,Endo,0.9452772750746178,200,Astrocyte,NA
1,Excit.Thal,-1.9188678670016472,200,Astrocyte,NA
2,Excit.Thal,-1.5675483054058017,200,Astrocyte,NA
3,Excit.Thal,-2.147885222412535,200,Astrocyte,NA
4,Excit.Thal,-1.9053792845287807,200,Astrocyte,NA
5,Excit.Thal,-1.486291731735417,200,Astrocyte,NA
1,LHb.2.7,0.9119084675681696,200,Astrocyte,NA
2,LHb.2.7,0.41157044707353446,200,Astrocyte,NA
3,LHb.2.7,0.39548632162011405,200,Astrocyte,NA
4,LHb.2.7,0.45984364379674053,200,Astrocyte,NA
5,LHb.2.7,0.33118446904312543,200,Astrocyte,NA
1,MHb.1,-2.057787453409994,200,Astrocyte,NA
2,MHb.1,-2.6974444583684662,200,Astrocyte,NA
3,MHb.1,-2.4068932142884676,200,Astrocyte,NA
4,MHb.1,-2.0674914132542006,200,Astrocyte,NA
5,MHb.1,-2.0771949962388603,200,Astrocyte,NA
1,MHb.2,-3.9182585706854414,200,Astrocyte,NA
2,MHb.2,-4.177958016600688,200,Astrocyte,NA
3,MHb.2,-2.8388351532238874,200,Astrocyte,NA
4,MHb.2,-3.105271871859585,200,Astrocyte,NA
5,MHb.2,-4.201488098269416,200,Astrocyte,NA
1,Oligo,-0.6003237894616232,200,Astrocyte,NA
2,Oligo,0.3939675375979725,200,Astrocyte,NA
3,Oligo,-0.0016665233046798836,200,Astrocyte,NA
4,Oligo,0.02151306380117174,200,Astrocyte,NA
5,Oligo,-0.047991082448797906,200,Astrocyte,NA
1,OPC,-0.46762959179860236,200,Astrocyte,NA
2,OPC,-0.6105152085705057,200,Astrocyte,NA
3,OPC,-0.08526700125370405,200,Astrocyte,NA
4,OPC,-0.11720509878662001,200,Astrocyte,NA
5,OPC,-0.6739329137330973,200,Astrocyte,NA
1,Astrocyte,8.057470978847828,500,Astrocyte,NA
2,Astrocyte,7.702693449697306,500,Astrocyte,NA
3,Astrocyte,8.402673753111207,500,Astrocyte,NA
4,Astrocyte,8.402673753111207,500,Astrocyte,NA
5,Astrocyte,7.672311094944756,500,Astrocyte,NA
1,Endo,1.1976987588365553,500,Astrocyte,NA
2,Endo,2.5302433273349147,500,Astrocyte,NA
3,Endo,2.4380810286139383,500,Astrocyte,NA
4,Endo,1.251918204784841,500,Astrocyte,NA
5,Endo,1.0533366889323466,500,Astrocyte,NA
1,Excit.Thal,-2.8183348531510832,500,Astrocyte,NA
2,Excit.Thal,-2.79160582427329,500,Astrocyte,NA
3,Excit.Thal,-3.2716065497225695,500,Astrocyte,NA
4,Excit.Thal,-3.8286344677124613,500,Astrocyte,NA
5,Excit.Thal,-3.3779525309939054,500,Astrocyte,NA
1,LHb.2.7,1.1064950487287568,500,Astrocyte,NA
2,LHb.2.7,2.350902797536322,500,Astrocyte,NA
3,LHb.2.7,2.681902176504857,500,Astrocyte,NA
4,LHb.2.7,1.8407799789894004,500,Astrocyte,NA
5,LHb.2.7,0.9443041793490106,500,Astrocyte,NA
1,MHb.1,-4.789295108481711,500,Astrocyte,NA
2,MHb.1,-5.718939491652877,500,Astrocyte,NA
3,MHb.1,-5.6998045666536,500,Astrocyte,NA
4,MHb.1,-4.779693994798435,500,Astrocyte,NA
5,MHb.1,-3.538162373701002,500,Astrocyte,NA
1,MHb.2,-5.338771036366127,500,Astrocyte,NA
2,MHb.2,-6.087982738785384,500,Astrocyte,NA
3,MHb.2,-7.198932546852528,500,Astrocyte,NA
4,MHb.2,-5.063049009049863,500,Astrocyte,NA
5,MHb.2,-5.407424541970092,500,Astrocyte,NA
1,Oligo,0.23065104547195106,500,Astrocyte,NA
2,Oligo,0.6282792304494531,500,Astrocyte,NA
3,Oligo,0.41734546830983393,500,Astrocyte,NA
4,Oligo,0.32390436262931205,500,Astrocyte,NA
5,Oligo,0.4407351920309685,500,Astrocyte,NA
1,OPC,-0.5311678320266306,500,Astrocyte,NA
2,OPC,-0.5787863016106082,500,Astrocyte,NA
3,OPC,-0.4358403182581603,500,Astrocyte,NA
4,OPC,-0.895475270045545,500,Astrocyte,NA
5,OPC,-1.1321220794134084,500,Astrocyte,NA
1,Astrocyte,9.533566462239213,1000,Astrocyte,NA
2,Astrocyte,10.372909609593131,1000,Astrocyte,NA
3,Astrocyte,10.978921703158706,1000,Astrocyte,NA
4,Astrocyte,10.578139532162623,1000,Astrocyte,NA
5,Astrocyte,9.97329074624717,1000,Astrocyte,NA
1,Endo,1.2700015235473523,1000,Astrocyte,NA
2,Endo,2.993068844844345,1000,Astrocyte,NA
3,Endo,2.51180019257475,1000,Astrocyte,NA
4,Endo,2.5856048176497715,1000,Astrocyte,NA
5,Endo,2.0707586419266506,1000,Astrocyte,NA
1,Excit.Thal,-3.537254333140085,1000,Astrocyte,NA
2,Excit.Thal,-2.845056519383424,1000,Astrocyte,NA
3,Excit.Thal,-4.053199097497246,1000,Astrocyte,NA
4,Excit.Thal,-3.5770391857721555,1000,Astrocyte,NA
5,Excit.Thal,-4.553317020509456,1000,Astrocyte,NA
1,LHb.2.7,2.3839356851152185,1000,Astrocyte,NA
2,LHb.2.7,4.308861497091331,1000,Astrocyte,NA
3,LHb.2.7,3.465689437204047,1000,Astrocyte,NA
4,LHb.2.7,2.864590483847452,1000,Astrocyte,NA
5,LHb.2.7,2.3178847475652002,1000,Astrocyte,NA
1,MHb.1,-5.604109239332146,1000,Astrocyte,NA
2,MHb.1,-8.412937822396893,1000,Astrocyte,NA
3,MHb.1,-7.86297086559852,1000,Astrocyte,NA
4,MHb.1,-7.3119052331635315,1000,Astrocyte,NA
5,MHb.1,-4.798895869486599,1000,Astrocyte,NA
1,MHb.2,-7.395922478276567,1000,Astrocyte,NA
2,MHb.2,-8.474476637183706,1000,Astrocyte,NA
3,MHb.2,-5.384552276535825,1000,Astrocyte,NA
4,MHb.2,-7.395922478276567,1000,Astrocyte,NA
5,MHb.2,-8.325060914519778,1000,Astrocyte,NA
1,Oligo,0.41734546830983393,1000,Astrocyte,NA
2,Oligo,1.2193057212863507,1000,Astrocyte,NA
3,Oligo,-0.07113608179600665,1000,Astrocyte,NA
4,Oligo,1.2669165356526115,1000,Astrocyte,NA
5,Oligo,0.5344122998971959,1000,Astrocyte,NA
1,OPC,-0.5946524278124314,1000,Astrocyte,NA
2,OPC,-1.1006119956130944,1000,Astrocyte,NA
3,OPC,-1.6501525037401257,1000,Astrocyte,NA
4,OPC,-1.4935474554438772,1000,Astrocyte,NA
5,OPC,-1.4151234131716466,1000,Astrocyte,NA
1,Astrocyte,15.440408720718398,5000,Astrocyte,NA
2,Astrocyte,13.316932978125948,5000,Astrocyte,NA
3,Astrocyte,13.202510750777066,5000,Astrocyte,NA
4,Astrocyte,15.587699644549323,5000,Astrocyte,NA
5,Astrocyte,14.433372526105696,5000,Astrocyte,NA
1,Endo,3.1418884127752444,5000,Astrocyte,NA
2,Endo,2.567145636053911,5000,Astrocyte,NA
3,Endo,3.104650760500898,5000,Astrocyte,NA
4,Endo,3.0674349693951197,5000,Astrocyte,NA
5,Endo,3.2537328523680245,5000,Astrocyte,NA
1,Excit.Thal,-0.13548546630969663,5000,Astrocyte,NA
2,Excit.Thal,-2.6846159666645466,5000,Astrocyte,NA
3,Excit.Thal,-3.775720806986469,5000,Astrocyte,NA
4,Excit.Thal,-2.1075099211559443,5000,Astrocyte,NA
5,Excit.Thal,-0.19043671929997785,5000,Astrocyte,NA
1,LHb.2.7,5.626863677956894,5000,Astrocyte,NA
2,LHb.2.7,4.207162522830894,5000,Astrocyte,NA
3,LHb.2.7,5.196293803884901,5000,Astrocyte,NA
4,LHb.2.7,5.333795930297153,5000,Astrocyte,NA
5,LHb.2.7,6.234033960392873,5000,Astrocyte,NA
1,MHb.1,-16.531398887778792,5000,Astrocyte,NA
2,MHb.1,-11.071750571168266,5000,Astrocyte,NA
3,MHb.1,-9.622845680841374,5000,Astrocyte,NA
4,MHb.1,-13.73455555653914,5000,Astrocyte,NA
5,MHb.1,-15.163831568058637,5000,Astrocyte,NA
1,MHb.2,-10.024026659599123,5000,Astrocyte,NA
2,MHb.2,-8.153678333959823,5000,Astrocyte,NA
3,MHb.2,-10.637272746840047,5000,Astrocyte,NA
4,MHb.2,-11.342391308389816,5000,Astrocyte,NA
5,MHb.2,-12.115482206169593,5000,Astrocyte,NA
1,Oligo,1.4578537027763834,5000,Astrocyte,NA
2,Oligo,0.6988045493415156,5000,Astrocyte,NA
3,Oligo,1.2193057212863507,5000,Astrocyte,NA
4,Oligo,0.7930058738026318,5000,Astrocyte,NA
5,Oligo,1.6015785825806004,5000,Astrocyte,NA
1,OPC,1.4640595045385243,5000,Astrocyte,NA
2,OPC,-0.7689594185225568,5000,Astrocyte,NA
3,OPC,-1.5718904128027256,5000,Astrocyte,NA
4,OPC,0.5402666418070887,5000,Astrocyte,NA
5,OPC,1.6109788200264832,5000,Astrocyte,NA
1,Astrocyte,2.180612597966734,100,Endo,NA
2,Astrocyte,2.034507838108451,100,Endo,NA
3,Astrocyte,2.312230260167204,100,Endo,NA
4,Astrocyte,2.795836906996963,100,Endo,NA
5,Astrocyte,3.2515950866264514,100,Endo,NA
1,Endo,5.224373273299403,100,Endo,NA
2,Endo,5.0360266714744295,100,Endo,NA
3,Endo,5.148979451860595,100,Endo,NA
4,Endo,4.904456814892441,100,Endo,NA
5,Endo,4.960816481569045,100,Endo,NA
1,Excit.Thal,-1.8523786846762007,100,Endo,NA
2,Excit.Thal,-2.3118684925227115,100,Endo,NA
3,Excit.Thal,-2.7482807860531158,100,Endo,NA
4,Excit.Thal,-1.8122643220179693,100,Endo,NA
5,Excit.Thal,-2.17237743327583,100,Endo,NA
1,LHb.2.7,-1.351443307555826,100,Endo,NA
2,LHb.2.7,-1.3300069205035099,100,Endo,NA
3,LHb.2.7,-1.544007717757201,100,Endo,NA
4,LHb.2.7,-1.2227033468102997,100,Endo,NA
5,LHb.2.7,-1.2227033468102997,100,Endo,NA
1,MHb.1,-2.3005649045777887,100,Endo,NA
2,MHb.1,-1.8212226128598425,100,Endo,NA
3,MHb.1,-1.9760700911516822,100,Endo,NA
4,MHb.1,-2.716423089306343,100,Endo,NA
5,MHb.1,-3.2532722092590545,100,Endo,NA
1,MHb.2,-3.296149721747096,100,Endo,NA
2,MHb.2,-3.1608610339068455,100,Endo,NA
3,MHb.2,-3.36355908204236,100,Endo,NA
4,MHb.2,-2.9225794724446916,100,Endo,NA
5,MHb.2,-2.785533929352579,100,Endo,NA
1,Oligo,0.12101324852463577,100,Endo,NA
2,Oligo,-0.140464219644049,100,Endo,NA
3,Oligo,0.18670748239647902,100,Endo,NA
4,Oligo,-0.00998415024997148,100,Endo,NA
5,Oligo,0.05544957683360957,100,Endo,NA
1,OPC,-1.144544590809763,100,Endo,NA
2,OPC,-0.7837767483058022,100,Endo,NA
3,OPC,-0.4689018274816086,100,Endo,NA
4,OPC,-1.4550389324424118,100,Endo,NA
5,OPC,-1.144544590809763,100,Endo,NA
1,Astrocyte,3.4873861647155535,200,Endo,NA
2,Astrocyte,3.23687088967978,200,Endo,NA
3,Astrocyte,3.5316398662467066,200,Endo,NA
4,Astrocyte,3.9601291636266325,200,Endo,NA
5,Astrocyte,2.8545644016861784,200,Endo,NA
1,Endo,13.744618451096189,200,Endo,NA
2,Endo,12.714650597536792,200,Endo,NA
3,Endo,12.756398652366883,200,Endo,NA
4,Endo,13.533199876265575,200,Endo,NA
5,Endo,15.221018414767137,200,Endo,NA
1,Excit.Thal,-3.4169106628863313,200,Endo,NA
2,Excit.Thal,-3.7875420205740196,200,Endo,NA
3,Excit.Thal,-3.397344443065774,200,Endo,NA
4,Excit.Thal,-3.592738996314049,200,Endo,NA
5,Excit.Thal,-3.3190198468565706,200,Endo,NA
1,LHb.2.7,-1.58671141571474,200,Endo,NA
2,LHb.2.7,-1.96961227256688,200,Endo,NA
3,LHb.2.7,-1.6720228681627878,200,Endo,NA
4,LHb.2.7,-2.2445658435168205,200,Endo,NA
5,LHb.2.7,-1.608051259674848,200,Endo,NA
1,MHb.1,-6.602746219995894,200,Endo,NA
2,MHb.1,-5.241059883555586,200,Endo,NA
3,MHb.1,-5.901357304079448,200,Endo,NA
4,MHb.1,-6.662254611034965,200,Endo,NA
5,MHb.1,-7.507167184492919,200,Endo,NA
1,MHb.2,-6.370137458489894,200,Endo,NA
2,MHb.2,-6.853303071359887,200,Endo,NA
3,MHb.2,-5.317222600926771,200,Endo,NA
4,MHb.2,-5.599522279192682,200,Endo,NA
5,MHb.2,-5.537017357420228,200,Endo,NA
1,Oligo,-0.9445411307899187,200,Endo,NA
2,Oligo,0.3515183683076384,200,Endo,NA
3,Oligo,-1.1978032045624,200,Endo,NA
4,Oligo,-0.7533270917007339,200,Endo,NA
5,Oligo,-0.8490710563781939,200,Endo,NA
1,OPC,-1.4550389324424118,200,Endo,NA
2,OPC,-1.7398897949842667,200,Endo,NA
3,OPC,-2.070115917625805,200,Endo,NA
4,OPC,-1.6688339518155657,200,Endo,NA
5,OPC,-1.4312255106188476,200,Endo,NA
1,Astrocyte,3.339971705637406,500,Endo,NA
2,Astrocyte,7.420814282199148,500,Endo,NA
3,Astrocyte,6.2425403556768355,500,Endo,NA
4,Astrocyte,5.34302923873484,500,Endo,NA
5,Astrocyte,4.004528836894858,500,Endo,NA
1,Endo,19.688185475908167,500,Endo,NA
2,Endo,19.896298923621544,500,Endo,NA
3,Endo,20.805693572622143,500,Endo,NA
4,Endo,19.595897718077595,500,Endo,NA
5,Endo,19.205084357287568,500,Endo,NA
1,Excit.Thal,-4.75285952089555,500,Endo,NA
2,Excit.Thal,-5.723010291038339,500,Endo,NA
3,Excit.Thal,-4.387726645117485,500,Endo,NA
4,Excit.Thal,-5.2111840825023394,500,Endo,NA
5,Excit.Thal,-4.810325781566964,500,Endo,NA
1,LHb.2.7,0.6556685541343189,500,Endo,NA
2,LHb.2.7,0.8113772200512628,500,Endo,NA
3,LHb.2.7,0.4339829916282694,500,Endo,NA
4,LHb.2.7,0.16912154934773097,500,Endo,NA
5,LHb.2.7,-0.8130851175090411,500,Endo,NA
1,MHb.1,-10.832032161751757,500,Endo,NA
2,MHb.1,-13.244235852909242,500,Endo,NA
3,MHb.1,-13.73864771635939,500,Endo,NA
4,MHb.1,-11.033479609636364,500,Endo,NA
5,MHb.1,-9.660515584432577,500,Endo,NA
1,MHb.2,-7.505522115168077,500,Endo,NA
2,MHb.2,-9.741886975108411,500,Endo,NA
3,MHb.2,-8.000302965968547,500,Endo,NA
4,MHb.2,-7.739336312703725,500,Endo,NA
5,MHb.2,-7.739336312703725,500,Endo,NA
1,Oligo,0.05544957683360957,500,Endo,NA
2,Oligo,0.5836498217314054,500,Endo,NA
3,Oligo,-0.5610098815714375,500,Endo,NA
4,Oligo,-1.6053181979482476,500,Endo,NA
5,Oligo,-0.7852722955915256,500,Endo,NA
1,OPC,-1.3835634374256525,500,Endo,NA
2,OPC,-1.5264089170468584,500,Endo,NA
3,OPC,-1.6688339518155657,500,Endo,NA
4,OPC,-1.645125508538659,500,Endo,NA
5,OPC,-1.4074003505752053,500,Endo,NA
1,Astrocyte,5.4028152626527195,1000,Endo,NA
2,Astrocyte,5.672171043200396,1000,Endo,NA
3,Astrocyte,8.059565458042389,1000,Endo,NA
4,Astrocyte,8.166322465542896,1000,Endo,NA
5,Astrocyte,6.122266036636127,1000,Endo,NA
1,Endo,21.064452184493085,1000,Endo,NA
2,Endo,23.513462972014988,1000,Endo,NA
3,Endo,22.397695499375022,1000,Endo,NA
4,Endo,21.846849264165535,1000,Endo,NA
5,Endo,20.94670957864731,1000,Endo,NA
1,Excit.Thal,-3.122788522850141,1000,Endo,NA
2,Excit.Thal,-1.9325307932186924,1000,Endo,NA
3,Excit.Thal,-4.618574659421388,1000,Endo,NA
4,Excit.Thal,-4.329886466092007,1000,Endo,NA
5,Excit.Thal,-4.349172245074982,1000,Endo,NA
1,LHb.2.7,2.5999003124264863,1000,Endo,NA
2,LHb.2.7,3.504978258659953,1000,Endo,NA
3,LHb.2.7,3.341406786444363,1000,Endo,NA
4,LHb.2.7,2.1643806761517754,1000,Endo,NA
5,LHb.2.7,1.2811511831857663,1000,Endo,NA
1,MHb.1,-16.060979267614993,1000,Endo,NA
2,MHb.1,-19.398227755214503,1000,Endo,NA
3,MHb.1,-18.12927730264774,1000,Endo,NA
4,MHb.1,-16.65671557841316,1000,Endo,NA
5,MHb.1,-14.442014342412701,1000,Endo,NA
1,MHb.2,-7.062322929761435,1000,Endo,NA
2,MHb.2,-8.77046729090441,1000,Endo,NA
3,MHb.2,-7.710205188876469,1000,Endo,NA
4,MHb.2,-8.23046522669885,1000,Endo,NA
5,MHb.2,-8.02916558797824,1000,Endo,NA
1,Oligo,1.3581650131812195,1000,Endo,NA
2,Oligo,1.6663193311371827,1000,Endo,NA
3,Oligo,-0.5931400093037292,1000,Endo,NA
4,Oligo,0.05544957683360957,1000,Endo,NA
5,Oligo,0.5503875767515383,1000,Endo,NA
1,OPC,-2.6078201418395093,1000,Endo,NA
2,OPC,-0.8561473379932589,1000,Endo,NA
3,OPC,-1.5739304873791689,1000,Endo,NA
4,OPC,-2.9091488015608555,1000,Endo,NA
5,OPC,-2.164056060058839,1000,Endo,NA
1,Astrocyte,10.211400449384609,5000,Endo,NA
2,Astrocyte,8.181580485257143,5000,Endo,NA
3,Astrocyte,9.269443306530265,5000,Endo,NA
4,Astrocyte,8.563604331941862,5000,Endo,NA
5,Astrocyte,9.361791269155434,5000,Endo,NA
1,Endo,24.103265792106036,5000,Endo,NA
2,Endo,24.078583529302904,5000,Endo,NA
3,Endo,24.54916050140411,5000,Endo,NA
4,Endo,23.489003460970356,5000,Endo,NA
5,Endo,24.400187777048263,5000,Endo,NA
1,Excit.Thal,-1.2884313680184187,5000,Endo,NA
2,Excit.Thal,-3.534182973062529,5000,Endo,NA
3,Excit.Thal,-4.156056207706807,5000,Endo,NA
4,Excit.Thal,-1.328882107959175,5000,Endo,NA
5,Excit.Thal,-1.5911765135159173,5000,Endo,NA
1,LHb.2.7,7.615301448413013,5000,Endo,NA
2,LHb.2.7,5.751481504142919,5000,Endo,NA
3,LHb.2.7,5.702678055510446,5000,Endo,NA
4,LHb.2.7,6.986585163917544,5000,Endo,NA
5,LHb.2.7,5.971659693398215,5000,Endo,NA
1,MHb.1,-25.620337511476265,5000,Endo,NA
2,MHb.1,-22.12179916394909,5000,Endo,NA
3,MHb.1,-21.317291537311633,5000,Endo,NA
4,MHb.1,-24.434894591066076,5000,Endo,NA
5,MHb.1,-24.104312163870453,5000,Endo,NA
1,MHb.2,-9.162573481462692,5000,Endo,NA
2,MHb.2,-6.8233270090583,5000,Endo,NA
3,MHb.2,-8.714056244584299,5000,Endo,NA
4,MHb.2,-9.384495614313336,5000,Endo,NA
5,MHb.2,-8.685813130092864,5000,Endo,NA
1,Oligo,1.3922603899016057,5000,Endo,NA
2,Oligo,1.804222129570181,5000,Endo,NA
3,Oligo,1.4605586012655989,5000,Endo,NA
4,Oligo,3.3614532032635625,5000,Endo,NA
5,Oligo,1.977431057387247,5000,Endo,NA
1,OPC,-1.6925308042580522,5000,Endo,NA
2,OPC,-2.538019191752651,5000,Endo,NA
3,OPC,-3.483497018037557,5000,Endo,NA
4,OPC,-1.192443225165567,5000,Endo,NA
5,OPC,-2.281227321625396,5000,Endo,NA
1,Astrocyte,-1.7618164605578461,100,Excit.Thal,NA
2,Astrocyte,-1.3818159520022442,100,Excit.Thal,NA
3,Astrocyte,-2.0194837317315533,100,Excit.Thal,NA
4,Astrocyte,-2.064893292274848,100,Excit.Thal,NA
5,Astrocyte,-2.216126707527921,100,Excit.Thal,NA
1,Endo,-1.1122619000506475,100,Excit.Thal,NA
2,Endo,-1.551887536750177,100,Excit.Thal,NA
3,Endo,-1.5776079956428826,100,Excit.Thal,NA
4,Endo,-1.3972402072382997,100,Excit.Thal,NA
5,Endo,-1.4488512952867132,100,Excit.Thal,NA
1,Excit.Thal,1.3046995519480433,100,Excit.Thal,NA
2,Excit.Thal,0.8364609249279301,100,Excit.Thal,NA
3,Excit.Thal,0.9052389083017846,100,Excit.Thal,NA
4,Excit.Thal,0.9052389083017846,100,Excit.Thal,NA
5,Excit.Thal,1.318490829085278,100,Excit.Thal,NA
1,LHb.2.7,1.8647803529655318,100,Excit.Thal,NA
2,LHb.2.7,1.5895495301961071,100,Excit.Thal,NA
3,LHb.2.7,1.6261890596547552,100,Excit.Thal,NA
4,LHb.2.7,1.6261890596547552,100,Excit.Thal,NA
5,LHb.2.7,1.8647803529655318,100,Excit.Thal,NA
1,MHb.1,-1.6856631777918485,100,Excit.Thal,NA
2,MHb.1,-1.0722254923865617,100,Excit.Thal,NA
3,MHb.1,-0.8245330601119637,100,Excit.Thal,NA
4,MHb.1,-0.8741790682469945,100,Excit.Thal,NA
5,MHb.1,-1.0227942355680477,100,Excit.Thal,NA
1,MHb.2,-1.7035896686383718,100,Excit.Thal,NA
2,MHb.2,-1.4993401244385962,100,Excit.Thal,NA
3,MHb.2,-0.2042812821356107,100,Excit.Thal,NA
4,MHb.2,-0.8674478495801554,100,Excit.Thal,NA
5,MHb.2,-1.2919758090922524,100,Excit.Thal,NA
1,Oligo,-0.0918366264269117,100,Excit.Thal,NA
2,Oligo,0.09368662399380029,100,Excit.Thal,NA
3,Oligo,-0.1842330265648725,100,Excit.Thal,NA
4,Oligo,-0.0918366264269117,100,Excit.Thal,NA
5,Oligo,-0.15346112907876183,100,Excit.Thal,NA
1,OPC,0.8574155962562795,100,Excit.Thal,NA
2,OPC,0.9684449582537574,100,Excit.Thal,NA
3,OPC,1.238591688244896,100,Excit.Thal,NA
4,OPC,1.3022599087061004,100,Excit.Thal,NA
5,OPC,1.0319445339813138,100,Excit.Thal,NA
1,Astrocyte,-4.268116035150385,200,Excit.Thal,NA
2,Astrocyte,-4.475774375607639,200,Excit.Thal,NA
3,Astrocyte,-4.164148497408536,200,Excit.Thal,NA
4,Astrocyte,-4.742225016459937,200,Excit.Thal,NA
5,Astrocyte,-3.8516885100171034,200,Excit.Thal,NA
1,Endo,-2.0633976677284895,200,Excit.Thal,NA
2,Endo,-2.568920378305153,200,Excit.Thal,NA
3,Endo,-3.1678869279999615,200,Excit.Thal,NA
4,Endo,-2.8943815032805253,200,Excit.Thal,NA
5,Endo,-2.7694919187075806,200,Excit.Thal,NA
1,Excit.Thal,3.9317829368752544,200,Excit.Thal,NA
2,Excit.Thal,3.3583019750372682,200,Excit.Thal,NA
3,Excit.Thal,3.6937508685224074,200,Excit.Thal,NA
4,Excit.Thal,3.8337270905775753,200,Excit.Thal,NA
5,Excit.Thal,3.707743021347695,200,Excit.Thal,NA
1,LHb.2.7,3.5565347725988183,200,Excit.Thal,NA
2,LHb.2.7,3.669443346508279,200,Excit.Thal,NA
3,LHb.2.7,3.9335706028783513,200,Excit.Thal,NA
4,LHb.2.7,4.047058631643986,200,Excit.Thal,NA
5,LHb.2.7,3.7448117716756757,200,Excit.Thal,NA
1,MHb.1,-4.130856957245456,200,Excit.Thal,NA
2,MHb.1,-3.7126296903145866,200,Excit.Thal,NA
3,MHb.1,-3.9918580076023926,200,Excit.Thal,NA
4,MHb.1,-2.2429033604565918,200,Excit.Thal,NA
5,MHb.1,-3.619185611995497,200,Excit.Thal,NA
1,MHb.2,-4.455161061041073,200,Excit.Thal,NA
2,MHb.2,-1.0813844960964683,200,Excit.Thal,NA
3,MHb.2,-1.7709992472960734,200,Excit.Thal,NA
4,MHb.2,-3.654727048591862,200,Excit.Thal,NA
5,MHb.2,-4.5106885086567745,200,Excit.Thal,NA
1,Oligo,-0.1226623478252762,200,Excit.Thal,NA
2,Oligo,-0.5209655234177935,200,Excit.Thal,NA
3,Oligo,-0.49048567516457714,200,Excit.Thal,NA
4,Oligo,-0.5818466127391545,200,Excit.Thal,NA
5,Oligo,-0.030104136821341155,200,Excit.Thal,NA
1,OPC,2.021297447674402,200,Excit.Thal,NA
2,OPC,2.181781874389941,200,Excit.Thal,NA
3,OPC,1.9571753021942946,200,Excit.Thal,NA
4,OPC,1.493504345203827,200,Excit.Thal,NA
5,OPC,1.7330684861739825,200,Excit.Thal,NA
1,Astrocyte,-11.641891655993973,500,Excit.Thal,NA
2,Astrocyte,-9.668084808498122,500,Excit.Thal,NA
3,Astrocyte,-8.41181267642606,500,Excit.Thal,NA
4,Astrocyte,-5.714110039677707,500,Excit.Thal,NA
5,Astrocyte,-9.753291764385045,500,Excit.Thal,NA
1,Endo,-2.744470981893561,500,Excit.Thal,NA
2,Endo,-1.9615802921521848,500,Excit.Thal,NA
3,Endo,-1.808402114128081,500,Excit.Thal,NA
4,Endo,-3.1678869279999615,500,Excit.Thal,NA
5,Endo,-3.2916443316863866,500,Excit.Thal,NA
1,Excit.Thal,9.495208989388217,500,Excit.Thal,NA
2,Excit.Thal,8.53915259879142,500,Excit.Thal,NA
3,Excit.Thal,8.351570054216506,500,Excit.Thal,NA
4,Excit.Thal,8.53915259879142,500,Excit.Thal,NA
5,Excit.Thal,9.538815367345338,500,Excit.Thal,NA
1,LHb.2.7,8.23568275722189,500,Excit.Thal,NA
2,LHb.2.7,7.656185909209448,500,Excit.Thal,NA
3,LHb.2.7,8.53730395220415,500,Excit.Thal,NA
4,LHb.2.7,6.33517570556745,500,Excit.Thal,NA
5,LHb.2.7,7.219712739528334,500,Excit.Thal,NA
1,MHb.1,-11.084023479314412,500,Excit.Thal,NA
2,MHb.1,-11.444747444330526,500,Excit.Thal,NA
3,MHb.1,-12.921752715101245,500,Excit.Thal,NA
4,MHb.1,-12.649142882793585,500,Excit.Thal,NA
5,MHb.1,-11.604275215835955,500,Excit.Thal,NA
1,MHb.2,-5.21420721718675,500,Excit.Thal,NA
2,MHb.2,-7.007750232359191,500,Excit.Thal,NA
3,MHb.2,-6.432682127014885,500,Excit.Thal,NA
4,MHb.2,-5.936712920434217,500,Excit.Thal,NA
5,MHb.2,-5.4762144990610455,500,Excit.Thal,NA
1,Oligo,0.4050854572434369,500,Excit.Thal,NA
2,Oligo,0.750852063347734,500,Excit.Thal,NA
3,Oligo,0.4990469715882029,500,Excit.Thal,NA
4,Oligo,0.031736794224482986,500,Excit.Thal,NA
5,Oligo,-0.0918366264269117,500,Excit.Thal,NA
1,OPC,5.746676731504764,500,Excit.Thal,NA
2,OPC,5.19859399752748,500,Excit.Thal,NA
3,OPC,4.308384513146676,500,Excit.Thal,NA
4,OPC,3.605281104153865,500,Excit.Thal,NA
5,OPC,5.46394087762194,500,Excit.Thal,NA
1,Astrocyte,-14.069027060719943,1000,Excit.Thal,NA
2,Astrocyte,-11.080960984932453,1000,Excit.Thal,NA
3,Astrocyte,-11.641891655993973,1000,Excit.Thal,NA
4,Astrocyte,-10.78551955911818,1000,Excit.Thal,NA
5,Astrocyte,-11.543899100222376,1000,Excit.Thal,NA
1,Endo,-1.9105813597097534,1000,Excit.Thal,NA
2,Endo,0.10057583651683803,1000,Excit.Thal,NA
3,Endo,-0.3252265529205805,1000,Excit.Thal,NA
4,Endo,-1.5004003433513369,1000,Excit.Thal,NA
5,Endo,-1.4488512952867132,1000,Excit.Thal,NA
1,Excit.Thal,15.023266737598806,1000,Excit.Thal,NA
2,Excit.Thal,13.579155305441345,1000,Excit.Thal,NA
3,Excit.Thal,13.99875608603723,1000,Excit.Thal,NA
4,Excit.Thal,12.62489362979351,1000,Excit.Thal,NA
5,Excit.Thal,13.60908374868248,1000,Excit.Thal,NA
1,LHb.2.7,13.48629969522532,1000,Excit.Thal,NA
2,LHb.2.7,13.594687293068926,1000,Excit.Thal,NA
3,LHb.2.7,11.438344787101354,1000,Excit.Thal,NA
4,LHb.2.7,10.292206579231477,1000,Excit.Thal,NA
5,LHb.2.7,9.756965271865596,1000,Excit.Thal,NA
1,MHb.1,-22.46065757273741,1000,Excit.Thal,NA
2,MHb.1,-24.023414496929,1000,Excit.Thal,NA
3,MHb.1,-23.40935101113565,1000,Excit.Thal,NA
4,MHb.1,-20.638161549188734,1000,Excit.Thal,NA
5,MHb.1,-20.331957430443076,1000,Excit.Thal,NA
1,MHb.2,-7.054739985769609,1000,Excit.Thal,NA
2,MHb.2,-9.930930735567975,1000,Excit.Thal,NA
3,MHb.2,-6.432682127014885,1000,Excit.Thal,NA
4,MHb.2,-7.653363566939151,1000,Excit.Thal,NA
5,MHb.2,-8.186965381404466,1000,Excit.Thal,NA
1,Oligo,1.3562819246790414,1000,Excit.Thal,NA
2,Oligo,1.292053575945991,1000,Excit.Thal,NA
3,Oligo,1.8744440746871016,1000,Excit.Thal,NA
4,Oligo,1.1320007448252816,1000,Excit.Thal,NA
5,Oligo,1.6143924845564523,1000,Excit.Thal,NA
1,OPC,8.312822597788816,1000,Excit.Thal,NA
2,OPC,7.698692088022931,1000,Excit.Thal,NA
3,OPC,7.579745631913974,1000,Excit.Thal,NA
4,OPC,7.800766730449783,1000,Excit.Thal,NA
5,OPC,7.647696522806519,1000,Excit.Thal,NA
1,Astrocyte,-5.5967273142824325,5000,Excit.Thal,NA
2,Astrocyte,-12.770652637174011,5000,Excit.Thal,NA
3,Astrocyte,-12.853892939454392,5000,Excit.Thal,NA
4,Astrocyte,-9.852628792384992,5000,Excit.Thal,NA
5,Astrocyte,-5.6847751439957275,5000,Excit.Thal,NA
1,Endo,0.047115126426825464,5000,Excit.Thal,NA
2,Endo,-0.9560145769670345,5000,Excit.Thal,NA
3,Endo,-0.7205646194485866,5000,Excit.Thal,NA
4,Endo,1.1843347643386053,5000,Excit.Thal,NA
5,Endo,-0.11286177320440025,5000,Excit.Thal,NA
1,Excit.Thal,33.147029706445295,5000,Excit.Thal,NA
2,Excit.Thal,26.345381131586144,5000,Excit.Thal,NA
3,Excit.Thal,18.595608091095368,5000,Excit.Thal,NA
4,Excit.Thal,23.366031221837552,5000,Excit.Thal,NA
5,Excit.Thal,31.571807549811314,5000,Excit.Thal,NA
1,LHb.2.7,16.840205483124482,5000,Excit.Thal,NA
2,LHb.2.7,15.241995319747778,5000,Excit.Thal,NA
3,LHb.2.7,15.420146339448827,5000,Excit.Thal,NA
4,LHb.2.7,18.128943346072646,5000,Excit.Thal,NA
5,LHb.2.7,18.175446854664433,5000,Excit.Thal,NA
1,MHb.1,-56.818644018401486,5000,Excit.Thal,NA
2,MHb.1,-42.81241183120265,5000,Excit.Thal,NA
3,MHb.1,-29.53510918746181,5000,Excit.Thal,NA
4,MHb.1,-41.441610311056806,5000,Excit.Thal,NA
5,MHb.1,-54.42779455523654,5000,Excit.Thal,NA
1,MHb.2,-16.420137438419516,5000,Excit.Thal,NA
2,MHb.2,-9.89140287902693,5000,Excit.Thal,NA
3,MHb.2,-12.086348683713867,5000,Excit.Thal,NA
4,MHb.2,-16.5051361998522,5000,Excit.Thal,NA
5,MHb.2,-19.870006402990626,5000,Excit.Thal,NA
1,Oligo,2.3012578494105824,5000,Excit.Thal,NA
2,Oligo,1.9724709192993561,5000,Excit.Thal,NA
3,Oligo,2.2022912586447756,5000,Excit.Thal,NA
4,Oligo,2.9684411923559915,5000,Excit.Thal,NA
5,Oligo,2.3343101895042526,5000,Excit.Thal,NA
1,OPC,25.028438618096967,5000,Excit.Thal,NA
2,OPC,18.144387968718934,5000,Excit.Thal,NA
3,OPC,9.988158318545857,5000,Excit.Thal,NA
4,OPC,14.951617549599243,5000,Excit.Thal,NA
5,OPC,24.32331194511469,5000,Excit.Thal,NA
1,Astrocyte,0.2742307351825513,100,LHb.2.7,NA
2,Astrocyte,0.33519595244869804,100,LHb.2.7,NA
3,Astrocyte,-0.7578552492161681,100,LHb.2.7,NA
4,Astrocyte,-0.9844386216746904,100,LHb.2.7,NA
5,Astrocyte,-0.22764769897954776,100,LHb.2.7,NA
1,Endo,-0.793764117243145,100,LHb.2.7,NA
2,Endo,-0.8178278438094099,100,LHb.2.7,NA
3,Endo,-0.2613195172989882,100,LHb.2.7,NA
4,Endo,-0.041800458882908204,100,LHb.2.7,NA
5,Endo,-0.7456008929079146,100,LHb.2.7,NA
1,Excit.Thal,-0.29294458558362013,100,LHb.2.7,NA
2,Excit.Thal,0.04191687509911686,100,LHb.2.7,NA
3,Excit.Thal,1.0366943391607164,100,LHb.2.7,NA
4,Excit.Thal,0.2540939299186163,100,LHb.2.7,NA
5,Excit.Thal,-0.04633308665406169,100,LHb.2.7,NA
1,LHb.2.7,1.4634163434261849,100,LHb.2.7,NA
2,LHb.2.7,1.732497805664012,100,LHb.2.7,NA
3,LHb.2.7,1.4298336566242684,100,LHb.2.7,NA
4,LHb.2.7,1.4970106633979299,100,LHb.2.7,NA
5,LHb.2.7,1.648329438045643,100,LHb.2.7,NA
1,MHb.1,-0.032596837367847256,100,LHb.2.7,NA
2,MHb.1,-0.3158117722905078,100,LHb.2.7,NA
3,MHb.1,-0.2403947823526234,100,LHb.2.7,NA
4,MHb.1,-0.18378107913989922,100,LHb.2.7,NA
5,MHb.1,-0.22152840752522962,100,LHb.2.7,NA
1,MHb.2,-1.7717638178178174,100,LHb.2.7,NA
2,MHb.2,-1.5940547316366696,100,LHb.2.7,NA
3,MHb.2,-2.122956549562212,100,LHb.2.7,NA
4,MHb.2,-1.2342756539356352,100,LHb.2.7,NA
5,MHb.2,-1.4598265731186495,100,LHb.2.7,NA
1,Oligo,0.49573503956794074,100,LHb.2.7,NA
2,Oligo,-0.383352348997839,100,LHb.2.7,NA
3,Oligo,-0.22798642739361957,100,LHb.2.7,NA
4,Oligo,0.14773202291355694,100,LHb.2.7,NA
5,Oligo,1.0082360821558032,100,LHb.2.7,NA
1,OPC,-0.6976446472635771,100,LHb.2.7,NA
2,OPC,-0.6759660588778694,100,LHb.2.7,NA
3,OPC,-0.37159665105934636,100,LHb.2.7,NA
4,OPC,-0.13130087450582772,100,LHb.2.7,NA
5,OPC,-0.8491647214594036,100,LHb.2.7,NA
1,Astrocyte,-1.090045703169115,200,LHb.2.7,NA
2,Astrocyte,-1.4063673748751226,200,LHb.2.7,NA
3,Astrocyte,-1.4214117144855238,200,LHb.2.7,NA
4,Astrocyte,-1.8269752569761992,200,LHb.2.7,NA
5,Astrocyte,-0.9995304693333371,200,LHb.2.7,NA
1,Endo,-0.6249834547382691,200,LHb.2.7,NA
2,Endo,-0.3828447092668553,200,LHb.2.7,NA
3,Endo,-1.5816636586416326,200,LHb.2.7,NA
4,Endo,-1.7943627459420304,200,LHb.2.7,NA
5,Endo,-1.8179392700002484,200,LHb.2.7,NA
1,Excit.Thal,0.5023114393681007,200,LHb.2.7,NA
2,Excit.Thal,0.23639209983212384,200,LHb.2.7,NA
3,Excit.Thal,0.024259509086298252,200,LHb.2.7,NA
4,Excit.Thal,0.2186939887128817,200,LHb.2.7,NA
5,Excit.Thal,0.7512652297829857,200,LHb.2.7,NA
1,LHb.2.7,5.968813739231935,200,LHb.2.7,NA
2,LHb.2.7,5.810370779700416,200,LHb.2.7,NA
3,LHb.2.7,5.986435547679924,200,LHb.2.7,NA
4,LHb.2.7,6.428096135502496,200,LHb.2.7,NA
5,LHb.2.7,6.039321470462524,200,LHb.2.7,NA
1,MHb.1,-2.4884544806628117,200,LHb.2.7,NA
2,MHb.1,-1.7897261120258654,200,LHb.2.7,NA
3,MHb.1,-1.1217016512892752,200,LHb.2.7,NA
4,MHb.1,-0.6354729045015169,200,LHb.2.7,NA
5,MHb.1,-2.250145328168035,200,LHb.2.7,NA
1,MHb.2,-4.121957571343087,200,LHb.2.7,NA
2,MHb.2,-4.121957571343087,200,LHb.2.7,NA
3,MHb.2,-3.10288891835605,200,LHb.2.7,NA
4,MHb.2,-3.597729818348428,200,LHb.2.7,NA
5,MHb.2,-3.6791663628969613,200,LHb.2.7,NA
1,Oligo,-0.6305155416664553,200,LHb.2.7,NA
2,Oligo,-0.22798642739361957,200,LHb.2.7,NA
3,Oligo,0.08483080927781173,200,LHb.2.7,NA
4,Oligo,-1.0589186796062464,200,LHb.2.7,NA
5,Oligo,-0.32128862082280507,200,LHb.2.7,NA
1,OPC,-0.6976446472635771,200,LHb.2.7,NA
2,OPC,-1.0433881103411025,200,LHb.2.7,NA
3,OPC,-1.4298726506467518,200,LHb.2.7,NA
4,OPC,-0.9355676081019886,200,LHb.2.7,NA
5,OPC,-0.8707776833637335,200,LHb.2.7,NA
1,Astrocyte,-3.7334623044063684,500,LHb.2.7,NA
2,Astrocyte,-2.5599183382373902,500,LHb.2.7,NA
3,Astrocyte,-1.7519627223998022,500,LHb.2.7,NA
4,Astrocyte,1.1150327867939092,500,LHb.2.7,NA
5,Astrocyte,-1.7069352334554817,500,LHb.2.7,NA
1,Endo,0.27705944686838335,500,LHb.2.7,NA
2,Endo,1.700801466761551,500,LHb.2.7,NA
3,Endo,1.776930965555456,500,LHb.2.7,NA
4,Endo,-0.6008239512912084,500,LHb.2.7,NA
5,Endo,-0.35856409602076716,500,LHb.2.7,NA
1,Excit.Thal,1.538562877879062,500,LHb.2.7,NA
2,Excit.Thal,0.9831019548191153,500,LHb.2.7,NA
3,Excit.Thal,0.697855659020652,500,LHb.2.7,NA
4,Excit.Thal,-1.7751277016352724,500,LHb.2.7,NA
5,Excit.Thal,-0.11686681091671157,500,LHb.2.7,NA
1,LHb.2.7,13.853157579967318,500,LHb.2.7,NA
2,LHb.2.7,13.352865446331093,500,LHb.2.7,NA
3,LHb.2.7,13.8724600407168,500,LHb.2.7,NA
4,LHb.2.7,13.33368351769597,500,LHb.2.7,NA
5,LHb.2.7,12.77931926022134,500,LHb.2.7,NA
1,MHb.1,-8.74594783278452,500,LHb.2.7,NA
2,MHb.1,-10.486459656018862,500,LHb.2.7,NA
3,MHb.1,-9.553730973253307,500,LHb.2.7,NA
4,MHb.1,-7.071808951850611,500,LHb.2.7,NA
5,MHb.1,-6.482839884725002,500,LHb.2.7,NA
1,MHb.2,-6.900535039041272,500,LHb.2.7,NA
2,MHb.2,-7.9412947384829025,500,LHb.2.7,NA
3,MHb.2,-8.245145808557334,500,LHb.2.7,NA
4,MHb.2,-5.813107364475671,500,LHb.2.7,NA
5,MHb.2,-6.034579041082377,500,LHb.2.7,NA
1,Oligo,-0.00930884124845089,500,LHb.2.7,NA
2,Oligo,2.1900466774941596,500,LHb.2.7,NA
3,Oligo,1.0405210696042073,500,LHb.2.7,NA
4,Oligo,-0.1656465396028119,500,LHb.2.7,NA
5,Oligo,0.2738761428139179,500,LHb.2.7,NA
1,OPC,0.7067584563978936,500,LHb.2.7,NA
2,OPC,0.41864954063681026,500,LHb.2.7,NA
3,OPC,-1.3227763271993629,500,LHb.2.7,NA
4,OPC,-3.4487053973262363,500,LHb.2.7,NA
5,OPC,-2.0259657731606073,500,LHb.2.7,NA
1,Astrocyte,-4.11755273164059,1000,LHb.2.7,NA
2,Astrocyte,-1.4364543702234167,1000,LHb.2.7,NA
3,Astrocyte,2.4254483069421267,1000,LHb.2.7,NA
4,Astrocyte,2.054068415057901,1000,LHb.2.7,NA
5,Astrocyte,-0.4551404675517627,1000,LHb.2.7,NA
1,Endo,2.9860060631658327,1000,LHb.2.7,NA
2,Endo,3.642117423037667,1000,LHb.2.7,NA
3,Endo,2.4934703437432777,1000,LHb.2.7,NA
4,Endo,2.5450725578239783,1000,LHb.2.7,NA
5,Endo,2.1338359467692207,1000,LHb.2.7,NA
1,Excit.Thal,4.578866019398972,1000,LHb.2.7,NA
2,Excit.Thal,4.448317798175456,1000,LHb.2.7,NA
3,Excit.Thal,0.5200693536190165,1000,LHb.2.7,NA
4,Excit.Thal,0.37811108079137123,1000,LHb.2.7,NA
5,Excit.Thal,-1.6713363760457902,1000,LHb.2.7,NA
1,LHb.2.7,20.550055307851135,1000,LHb.2.7,NA
2,LHb.2.7,20.676080417912733,1000,LHb.2.7,NA
3,LHb.2.7,20.13144588406248,1000,LHb.2.7,NA
4,LHb.2.7,17.929202178897352,1000,LHb.2.7,NA
5,LHb.2.7,19.964631965055244,1000,LHb.2.7,NA
1,MHb.1,-19.074868974802047,1000,LHb.2.7,NA
2,MHb.1,-21.048308006518468,1000,LHb.2.7,NA
3,MHb.1,-19.014468532361796,1000,LHb.2.7,NA
4,MHb.1,-16.70699207005576,1000,LHb.2.7,NA
5,MHb.1,-14.104465497940271,1000,LHb.2.7,NA
1,MHb.2,-7.112258738347151,1000,LHb.2.7,NA
2,MHb.2,-8.972718787677971,1000,LHb.2.7,NA
3,MHb.2,-7.736639425435589,1000,LHb.2.7,NA
4,MHb.2,-9.199890061502652,1000,LHb.2.7,NA
5,MHb.2,-7.28730012802363,1000,LHb.2.7,NA
1,Oligo,1.4303195034323302,1000,LHb.2.7,NA
2,Oligo,1.1699641398072407,1000,LHb.2.7,NA
3,Oligo,1.6268891264767442,1000,LHb.2.7,NA
4,Oligo,2.6270648171711457,1000,LHb.2.7,NA
5,Oligo,1.2998954792445818,1000,LHb.2.7,NA
1,OPC,1.3548509411857532,1000,LHb.2.7,NA
2,OPC,1.1529132653821879,1000,LHb.2.7,NA
3,OPC,-2.195157050012284,1000,LHb.2.7,NA
4,OPC,-2.195157050012284,1000,LHb.2.7,NA
5,OPC,-1.8775175530082375,1000,LHb.2.7,NA
1,Astrocyte,4.40943381490753,5000,LHb.2.7,NA
2,Astrocyte,0.5182636220076312,5000,LHb.2.7,NA
3,Astrocyte,1.314574230746608,5000,LHb.2.7,NA
4,Astrocyte,3.843772970407573,5000,LHb.2.7,NA
5,Astrocyte,4.314973413778557,5000,LHb.2.7,NA
1,Endo,6.364409029175664,5000,LHb.2.7,NA
2,Endo,5.64082159535904,5000,LHb.2.7,NA
3,Endo,5.9733473993616135,5000,LHb.2.7,NA
4,Endo,5.255928626417785,5000,LHb.2.7,NA
5,Endo,6.168454933224832,5000,LHb.2.7,NA
1,Excit.Thal,10.834637289245002,5000,LHb.2.7,NA
2,Excit.Thal,5.934299218811774,5000,LHb.2.7,NA
3,Excit.Thal,2.9712536338594555,5000,LHb.2.7,NA
4,Excit.Thal,8.974535203357092,5000,LHb.2.7,NA
5,Excit.Thal,10.834637289245002,5000,LHb.2.7,NA
1,LHb.2.7,27.122418127531148,5000,LHb.2.7,NA
2,LHb.2.7,26.483959632326574,5000,LHb.2.7,NA
3,LHb.2.7,25.671122481353247,5000,LHb.2.7,NA
4,LHb.2.7,27.928387018921317,5000,LHb.2.7,NA
5,LHb.2.7,27.674124086645595,5000,LHb.2.7,NA
1,MHb.1,-38.58313850847576,5000,LHb.2.7,NA
2,MHb.1,-29.77861101323298,5000,LHb.2.7,NA
3,MHb.1,-26.366736574800267,5000,LHb.2.7,NA
4,MHb.1,-35.15461787025212,5000,LHb.2.7,NA
5,MHb.1,-37.739195665807664,5000,LHb.2.7,NA
1,MHb.2,-11.308526218209158,5000,LHb.2.7,NA
2,MHb.2,-7.873264249876002,5000,LHb.2.7,NA
3,MHb.2,-10.429998762756782,5000,LHb.2.7,NA
4,MHb.2,-12.730515953924533,5000,LHb.2.7,NA
5,MHb.2,-13.401019724524563,5000,LHb.2.7,NA
1,Oligo,2.898824337866281,5000,LHb.2.7,NA
2,Oligo,2.6270648171711457,5000,LHb.2.7,NA
3,Oligo,3.587950782855456,5000,LHb.2.7,NA
4,Oligo,4.398346140497612,5000,LHb.2.7,NA
5,Oligo,3.4143423352929805,5000,LHb.2.7,NA
1,OPC,5.679491294030171,5000,LHb.2.7,NA
2,OPC,0.8847939378683118,5000,LHb.2.7,NA
3,OPC,-0.5022399621309187,5000,LHb.2.7,NA
4,OPC,2.789391540781205,5000,LHb.2.7,NA
5,OPC,5.2431946529997155,5000,LHb.2.7,NA
1,Astrocyte,-1.5970412540151038,100,MHb.1,NA
2,Astrocyte,-0.8913853977264621,100,MHb.1,NA
3,Astrocyte,-1.159507846760228,100,MHb.1,NA
4,Astrocyte,-0.9279808420148353,100,MHb.1,NA
5,Astrocyte,-1.0255172347011823,100,MHb.1,NA
1,Endo,-1.6826263711952814,100,MHb.1,NA
2,Endo,-2.229388168708195,100,MHb.1,NA
3,Endo,-1.484283560911567,100,MHb.1,NA
4,Endo,-1.6606280951727639,100,MHb.1,NA
5,Endo,-2.0114165017572168,100,MHb.1,NA
1,Excit.Thal,-1.256241978867078,100,MHb.1,NA
2,Excit.Thal,-1.7028757074860879,100,MHb.1,NA
3,Excit.Thal,-0.8506820620003355,100,MHb.1,NA
4,Excit.Thal,-0.30451965145819176,100,MHb.1,NA
5,Excit.Thal,-1.4577414235687156,100,MHb.1,NA
1,LHb.2.7,2.671099596733538,100,MHb.1,NA
2,LHb.2.7,2.958284645156484,100,MHb.1,NA
3,LHb.2.7,1.8521637051077224,100,MHb.1,NA
4,LHb.2.7,1.8875649705721056,100,MHb.1,NA
5,LHb.2.7,2.4386567023066115,100,MHb.1,NA
1,MHb.1,1.1634695112598454,100,MHb.1,NA
2,MHb.1,1.1822631639993146,100,MHb.1,NA
3,MHb.1,0.9755269121090319,100,MHb.1,NA
4,MHb.1,0.9849243079420068,100,MHb.1,NA
5,MHb.1,1.1822631639993146,100,MHb.1,NA
1,MHb.2,0.4047188072969848,100,MHb.1,NA
2,MHb.2,0.49378214230092976,100,MHb.1,NA
3,MHb.2,0.2447056637802495,100,MHb.1,NA
4,MHb.2,0.28023080223222724,100,MHb.1,NA
5,MHb.2,0.28023080223222724,100,MHb.1,NA
1,Oligo,-0.21584451173734365,100,MHb.1,NA
2,Oligo,-1.16967452713531,100,MHb.1,NA
3,Oligo,-0.24265198629728965,100,MHb.1,NA
4,Oligo,-0.6691210896103407,100,MHb.1,NA
5,Oligo,-0.4031164428306021,100,MHb.1,NA
1,OPC,-0.8671523842823637,100,MHb.1,NA
2,OPC,-0.8671523842823637,100,MHb.1,NA
3,OPC,-0.4863517447909381,100,MHb.1,NA
4,OPC,-1.1862056170080157,100,MHb.1,NA
5,OPC,-0.8088334322090712,100,MHb.1,NA
1,Astrocyte,-3.7149572867053666,200,MHb.1,NA
2,Astrocyte,-3.3204710053554427,200,MHb.1,NA
3,Astrocyte,-3.1407642485151466,200,MHb.1,NA
4,Astrocyte,-3.212676692925263,200,MHb.1,NA
5,Astrocyte,-3.212676692925263,200,MHb.1,NA
1,Endo,-3.113092931980311,200,MHb.1,NA
2,Endo,-3.2410969037657997,200,MHb.1,NA
3,Endo,-4.357682279539664,200,MHb.1,NA
4,Endo,-4.524071219693886,200,MHb.1,NA
5,Endo,-5.184159742147457,200,MHb.1,NA
1,Excit.Thal,-2.714692421009695,200,MHb.1,NA
2,Excit.Thal,-2.518386398419262,200,MHb.1,NA
3,Excit.Thal,-3.2343314952501823,200,MHb.1,NA
4,Excit.Thal,-1.747311627637746,200,MHb.1,NA
5,Excit.Thal,-1.3906689374436745,200,MHb.1,NA
1,LHb.2.7,4.486460969916085,200,MHb.1,NA
2,LHb.2.7,4.2660039434311,200,MHb.1,NA
3,LHb.2.7,5.13365898843909,200,MHb.1,NA
4,LHb.2.7,4.560108823175562,200,MHb.1,NA
5,LHb.2.7,4.08284393564732,200,MHb.1,NA
1,MHb.1,3.4837996470760952,200,MHb.1,NA
2,MHb.1,3.7185907161327205,200,MHb.1,NA
3,MHb.1,3.577717046715711,200,MHb.1,NA
4,MHb.1,3.549541966384722,200,MHb.1,NA
5,MHb.1,3.6340668564579106,200,MHb.1,NA
1,MHb.2,1.0846266813541507,200,MHb.1,NA
2,MHb.2,0.8154059112507267,200,MHb.1,NA
3,MHb.2,0.7437986858043875,200,MHb.1,NA
4,MHb.2,0.7259089935753033,200,MHb.1,NA
5,MHb.2,1.0306945836787325,200,MHb.1,NA
1,Oligo,-0.7485759297249889,200,MHb.1,NA
2,Oligo,-1.0385590510425229,200,MHb.1,NA
3,Oligo,-1.0385590510425229,200,MHb.1,NA
4,Oligo,-1.6898728044540174,200,MHb.1,NA
5,Oligo,-1.1172800846152526,200,MHb.1,NA
1,OPC,-2.4903745953695027,200,MHb.1,NA
2,OPC,-3.1251495701885776,200,MHb.1,NA
3,OPC,-1.9291674745292415,200,MHb.1,NA
4,OPC,-1.759080285594804,200,MHb.1,NA
5,OPC,-1.9291674745292415,200,MHb.1,NA
1,Astrocyte,-4.559701639370481,500,MHb.1,NA
2,Astrocyte,-4.997788133555876,500,MHb.1,NA
3,Astrocyte,-5.1749798446788455,500,MHb.1,NA
4,Astrocyte,-3.3324426527248003,500,MHb.1,NA
5,Astrocyte,-3.368351005698244,500,MHb.1,NA
1,Endo,-5.429477169990041,500,MHb.1,NA
2,Endo,-6.238715937562126,500,MHb.1,NA
3,Endo,-6.238715937562126,500,MHb.1,NA
4,Endo,-5.673608637844895,500,MHb.1,NA
5,Endo,-5.977126817569373,500,MHb.1,NA
1,Excit.Thal,-5.814449890212704,500,MHb.1,NA
2,Excit.Thal,-7.125792372703585,500,MHb.1,NA
3,Excit.Thal,-8.072812343641393,500,MHb.1,NA
4,Excit.Thal,-10.235672491665891,500,MHb.1,NA
5,Excit.Thal,-7.125792372703585,500,MHb.1,NA
1,LHb.2.7,5.487653782060901,500,MHb.1,NA
2,LHb.2.7,5.843551469067254,500,MHb.1,NA
3,LHb.2.7,6.447330443457625,500,MHb.1,NA
4,LHb.2.7,7.018452537457394,500,MHb.1,NA
5,LHb.2.7,6.220264428256944,500,MHb.1,NA
1,MHb.1,6.526343870526961,500,MHb.1,NA
2,MHb.1,7.230631865669614,500,MHb.1,NA
3,MHb.1,8.226111591732638,500,MHb.1,NA
4,MHb.1,8.066450119604724,500,MHb.1,NA
5,MHb.1,7.014646268327886,500,MHb.1,NA
1,MHb.2,1.427225766357788,500,MHb.1,NA
2,MHb.2,2.447520869813173,500,MHb.1,NA
3,MHb.2,2.337439292585763,500,MHb.1,NA
4,MHb.2,1.8989582790211734,500,MHb.1,NA
5,MHb.2,1.373012478102809,500,MHb.1,NA
1,Oligo,-0.4297973893710596,500,MHb.1,NA
2,Oligo,-0.7221086428716529,500,MHb.1,NA
3,Oligo,-1.6122730388141828,500,MHb.1,NA
4,Oligo,-0.7485759297249889,500,MHb.1,NA
5,Oligo,-0.6691210896103407,500,MHb.1,NA
1,OPC,-4.65218811553047,500,MHb.1,NA
2,OPC,-4.573382652015195,500,MHb.1,NA
3,OPC,-5.48250101541241,500,MHb.1,NA
4,OPC,-7.771985770128098,500,MHb.1,NA
5,OPC,-6.867823282106382,500,MHb.1,NA
1,Astrocyte,-4.310411384989965,1000,MHb.1,NA
2,Astrocyte,-5.434435475663791,1000,MHb.1,NA
3,Astrocyte,-2.7926258040350853,1000,MHb.1,NA
4,Astrocyte,-3.7149572867053666,1000,MHb.1,NA
5,Astrocyte,-2.2143335490562324,1000,MHb.1,NA
1,Endo,-6.218641399754288,1000,MHb.1,NA
2,Endo,-7.232512788723231,1000,MHb.1,NA
3,Endo,-6.777762443014421,1000,MHb.1,NA
4,Endo,-6.538888714467054,1000,MHb.1,NA
5,Endo,-6.017459040858656,1000,MHb.1,NA
1,Excit.Thal,-11.035687120871042,1000,MHb.1,NA
2,Excit.Thal,-10.757991617503171,1000,MHb.1,NA
3,Excit.Thal,-12.077851537878155,1000,MHb.1,NA
4,Excit.Thal,-12.15022577297231,1000,MHb.1,NA
5,Excit.Thal,-13.401247672809866,1000,MHb.1,NA
1,LHb.2.7,5.618551249642842,1000,MHb.1,NA
2,LHb.2.7,5.375661572536069,1000,MHb.1,NA
3,LHb.2.7,6.050477247669706,1000,MHb.1,NA
4,LHb.2.7,6.276957534680291,1000,MHb.1,NA
5,LHb.2.7,7.19076394642616,1000,MHb.1,NA
1,MHb.1,9.954532322089984,1000,MHb.1,NA
2,MHb.1,11.476966260909425,1000,MHb.1,NA
3,MHb.1,10.405546557044165,1000,MHb.1,NA
4,MHb.1,10.884817580092406,1000,MHb.1,NA
5,MHb.1,10.095467947423293,1000,MHb.1,NA
1,MHb.2,2.3741125233400795,1000,MHb.1,NA
2,MHb.2,3.2419324653469874,1000,MHb.1,NA
3,MHb.2,2.3741125233400795,1000,MHb.1,NA
4,MHb.2,2.5761846311203938,1000,MHb.1,NA
5,MHb.2,2.154381405360491,1000,MHb.1,NA
1,Oligo,-1.0385590510425229,1000,MHb.1,NA
2,Oligo,-1.7673225984880188,1000,MHb.1,NA
3,Oligo,-1.7157060318995427,1000,MHb.1,NA
4,Oligo,-1.947459418452582,1000,MHb.1,NA
5,Oligo,-2.0756357521500135,1000,MHb.1,NA
1,OPC,-7.529726180484402,1000,MHb.1,NA
2,OPC,-8.418540298604555,1000,MHb.1,NA
3,OPC,-9.588036286192958,1000,MHb.1,NA
4,OPC,-9.495758482712935,1000,MHb.1,NA
5,OPC,-9.886446877573576,1000,MHb.1,NA
1,Astrocyte,-11.74335496744399,5000,MHb.1,NA
2,Astrocyte,-6.969077935264793,5000,MHb.1,NA
3,Astrocyte,-4.879528990635849,5000,MHb.1,NA
4,Astrocyte,-6.584129701213556,5000,MHb.1,NA
5,Astrocyte,-8.152095879599377,5000,MHb.1,NA
1,Endo,-7.7222873931481555,5000,MHb.1,NA
2,Endo,-7.27186660138022,5000,MHb.1,NA
3,Endo,-7.526935581634975,5000,MHb.1,NA
4,Endo,-7.81968694785881,5000,MHb.1,NA
5,Endo,-7.3897477454743425,5000,MHb.1,NA
1,Excit.Thal,-27.747654226171495,5000,MHb.1,NA
2,Excit.Thal,-21.970860260423272,5000,MHb.1,NA
3,Excit.Thal,-15.327881111875833,5000,MHb.1,NA
4,Excit.Thal,-18.139051940056664,5000,MHb.1,NA
5,Excit.Thal,-25.257926460560313,5000,MHb.1,NA
1,LHb.2.7,4.560108823175562,5000,MHb.1,NA
2,LHb.2.7,6.295866089969217,5000,MHb.1,NA
3,LHb.2.7,4.633838137854067,5000,MHb.1,NA
4,LHb.2.7,3.518211180847239,5000,MHb.1,NA
5,LHb.2.7,3.5726457976618584,5000,MHb.1,NA
1,MHb.1,33.41506595732287,5000,MHb.1,NA
2,MHb.1,23.394701551140102,5000,MHb.1,NA
3,MHb.1,15.683010465128103,5000,MHb.1,NA
4,MHb.1,18.946419236478565,5000,MHb.1,NA
5,MHb.1,27.56076075982541,5000,MHb.1,NA
1,MHb.2,7.2889577541734765,5000,MHb.1,NA
2,MHb.2,3.0377848513520425,5000,MHb.1,NA
3,MHb.2,3.4653745829267315,5000,MHb.1,NA
4,MHb.2,6.053477154816073,5000,MHb.1,NA
5,MHb.2,8.2267033685184,5000,MHb.1,NA
1,Oligo,-2.8111252780111773,5000,MHb.1,NA
2,Oligo,-2.5843000607925566,5000,MHb.1,NA
3,Oligo,-2.6348156782378434,5000,MHb.1,NA
4,Oligo,-2.760829414518729,5000,MHb.1,NA
5,Oligo,-2.886452193220481,5000,MHb.1,NA
1,OPC,-24.00684230942488,5000,MHb.1,NA
2,OPC,-18.19557564224707,5000,MHb.1,NA
3,OPC,-12.044800777770055,5000,MHb.1,NA
4,OPC,-13.88713746142698,5000,MHb.1,NA
5,OPC,-22.103401539096716,5000,MHb.1,NA
1,Astrocyte,-0.8475832884147961,100,MHb.2,NA
2,Astrocyte,-0.9246418429395374,100,MHb.2,NA
3,Astrocyte,-1.814794101221035,100,MHb.2,NA
4,Astrocyte,-1.7391246068717683,100,MHb.2,NA
5,Astrocyte,-1.688613655089963,100,MHb.2,NA
1,Endo,-2.2269941098063497,100,MHb.2,NA
2,Endo,-1.5993805170629736,100,MHb.2,NA
3,Endo,-1.6739439946093322,100,MHb.2,NA
4,Endo,-2.117243089804051,100,MHb.2,NA
5,Endo,-1.6739439946093322,100,MHb.2,NA
1,Excit.Thal,-1.7161217594625249,100,MHb.2,NA
2,Excit.Thal,-1.8120386855552284,100,MHb.2,NA
3,Excit.Thal,-0.11677498532823301,100,MHb.2,NA
4,Excit.Thal,-1.0318464741260305,100,MHb.2,NA
5,Excit.Thal,-1.4743544070857684,100,MHb.2,NA
1,LHb.2.7,-1.7644208045469094,100,MHb.2,NA
2,LHb.2.7,-0.5131512288072247,100,MHb.2,NA
3,LHb.2.7,-1.00572003577211,100,MHb.2,NA
4,LHb.2.7,-0.29963554165086154,100,MHb.2,NA
5,LHb.2.7,-1.0754560545344856,100,MHb.2,NA
1,MHb.1,2.2115872702824677,100,MHb.2,NA
2,MHb.1,1.5897496345241593,100,MHb.2,NA
3,MHb.1,2.020264414492598,100,MHb.2,NA
4,MHb.1,2.0362083463911937,100,MHb.2,NA
5,MHb.1,2.3869589853848043,100,MHb.2,NA
1,MHb.2,0.990961322946819,100,MHb.2,NA
2,MHb.2,0.8736653137332094,100,MHb.2,NA
3,MHb.2,0.8932039443301077,100,MHb.2,NA
4,MHb.2,1.1084119394695355,100,MHb.2,NA
5,MHb.2,0.9322940400870715,100,MHb.2,NA
1,Oligo,-0.1827388225165654,100,MHb.2,NA
2,Oligo,-0.22818514233898637,100,MHb.2,NA
3,Oligo,-0.3639937337730301,100,MHb.2,NA
4,Oligo,-0.49901523708054757,100,MHb.2,NA
5,Oligo,-0.27354279652939684,100,MHb.2,NA
1,OPC,-0.7538419243784252,100,MHb.2,NA
2,OPC,-0.9042104729013154,100,MHb.2,NA
3,OPC,-1.4888503952159482,100,MHb.2,NA
4,OPC,-1.6310155910325914,100,MHb.2,NA
5,OPC,-1.7015265843193759,100,MHb.2,NA
1,Astrocyte,-4.297675710625584,200,MHb.2,NA
2,Astrocyte,-3.7671523886648797,200,MHb.2,NA
3,Astrocyte,-2.985459283816558,200,MHb.2,NA
4,Astrocyte,-3.6700979973306693,200,MHb.2,NA
5,Astrocyte,-3.936553629112782,200,MHb.2,NA
1,Endo,-3.928265726878071,200,MHb.2,NA
2,Endo,-2.8767873302976055,200,MHb.2,NA
3,Endo,-3.3371129347565294,200,MHb.2,NA
4,Endo,-4.743056973636682,200,MHb.2,NA
5,Endo,-4.57515213424225,200,MHb.2,NA
1,Excit.Thal,-3.686969816883746,200,MHb.2,NA
2,Excit.Thal,-4.163001362062931,200,MHb.2,NA
3,Excit.Thal,-3.0202494203435166,200,MHb.2,NA
4,Excit.Thal,-1.327914225062579,200,MHb.2,NA
5,Excit.Thal,-2.0025454401930975,200,MHb.2,NA
1,LHb.2.7,-2.704443733677713,200,MHb.2,NA
2,LHb.2.7,-3.261985590761395,200,MHb.2,NA
3,LHb.2.7,-1.9682077816781476,200,MHb.2,NA
4,LHb.2.7,-0.6899649671898697,200,MHb.2,NA
5,LHb.2.7,-0.9008232395862362,200,MHb.2,NA
1,MHb.1,4.39558010317987,200,MHb.2,NA
2,MHb.1,3.9970340770823793,200,MHb.2,NA
3,MHb.1,3.10433561507928,200,MHb.2,NA
4,MHb.1,3.10433561507928,200,MHb.2,NA
5,MHb.1,3.5985053833979976,200,MHb.2,NA
1,MHb.2,3.7734287085642886,200,MHb.2,NA
2,MHb.2,3.7128512995539684,200,MHb.2,NA
3,MHb.2,3.4709737103745013,200,MHb.2,NA
4,MHb.2,3.3101035633063285,200,MHb.2,NA
5,MHb.2,3.571672265070977,200,MHb.2,NA
1,Oligo,0.04583720499558545,200,MHb.2,NA
2,Oligo,0.7928670826595191,200,MHb.2,NA
3,Oligo,-0.4090878228902979,200,MHb.2,NA
4,Oligo,-0.8994631770245506,200,MHb.2,NA
5,Oligo,-1.4661092419532482,200,MHb.2,NA
1,OPC,-2.4533931453083424,200,MHb.2,NA
2,OPC,-3.228406390288491,200,MHb.2,NA
3,OPC,-2.585673143912301,200,MHb.2,NA
4,OPC,-1.5601251308108786,200,MHb.2,NA
5,OPC,-1.910829528065984,200,MHb.2,NA
1,Astrocyte,-4.441415434595695,500,MHb.2,NA
2,Astrocyte,-4.057211062185177,500,MHb.2,NA
3,Astrocyte,-5.553771885801064,500,MHb.2,NA
4,Astrocyte,-5.996811354228004,500,MHb.2,NA
5,Astrocyte,-6.367037284731371,500,MHb.2,NA
1,Endo,-4.406290196844342,500,MHb.2,NA
2,Endo,-5.957087404107334,500,MHb.2,NA
3,Endo,-5.24116342960382,500,MHb.2,NA
4,Endo,-3.2315327313805553,500,MHb.2,NA
5,Endo,-5.601248376193523,500,MHb.2,NA
1,Excit.Thal,-3.947929519349137,500,MHb.2,NA
2,Excit.Thal,-5.125778491053713,500,MHb.2,NA
3,Excit.Thal,-5.6918153924438055,500,MHb.2,NA
4,Excit.Thal,-6.087503899191718,500,MHb.2,NA
5,Excit.Thal,-4.41829246787132,500,MHb.2,NA
1,LHb.2.7,-2.6713441233833946,500,MHb.2,NA
2,LHb.2.7,-3.066305858099689,500,MHb.2,NA
3,LHb.2.7,-3.424152576553716,500,MHb.2,NA
4,LHb.2.7,-2.704443733677713,500,MHb.2,NA
5,LHb.2.7,-1.5593110719941377,500,MHb.2,NA
1,MHb.1,3.3593914226116985,500,MHb.2,NA
2,MHb.1,3.056512294176605,500,MHb.2,NA
3,MHb.1,4.730381065162482,500,MHb.2,NA
4,MHb.1,4.26804274739238,500,MHb.2,NA
5,MHb.1,5.128990789506429,500,MHb.2,NA
1,MHb.2,6.566969205553055,500,MHb.2,NA
2,MHb.2,8.62001769390522,500,MHb.2,NA
3,MHb.2,8.44865849777702,500,MHb.2,NA
4,MHb.2,7.091054210678861,500,MHb.2,NA
5,MHb.2,6.587867111574637,500,MHb.2,NA
1,Oligo,-0.8110642294181999,500,MHb.2,NA
2,Oligo,-1.4230001612171672,500,MHb.2,NA
3,Oligo,-1.8506109887399806,500,MHb.2,NA
4,Oligo,-0.1372034271783756,500,MHb.2,NA
5,Oligo,-0.49901523708054757,500,MHb.2,NA
1,OPC,-4.139638983538706,500,MHb.2,NA
2,OPC,-3.7217907751394885,500,MHb.2,NA
3,OPC,-4.940159124071295,500,MHb.2,NA
4,OPC,-4.828494959975672,500,MHb.2,NA
5,OPC,-5.43231375256236,500,MHb.2,NA
1,Astrocyte,-6.043231303968768,1000,MHb.2,NA
2,Astrocyte,-7.099865756958063,1000,MHb.2,NA
3,Astrocyte,-5.880582743785345,1000,MHb.2,NA
4,Astrocyte,-5.764097474379582,1000,MHb.2,NA
5,Astrocyte,-5.950350603203671,1000,MHb.2,NA
1,Endo,-3.9626694869127563,1000,MHb.2,NA
2,Endo,-5.109145202465577,1000,MHb.2,NA
3,Endo,-5.601248376193523,1000,MHb.2,NA
4,Endo,-6.593596662960636,1000,MHb.2,NA
5,Endo,-5.24116342960382,1000,MHb.2,NA
1,Excit.Thal,-7.604726235151663,1000,MHb.2,NA
2,Excit.Thal,-7.383422557732579,1000,MHb.2,NA
3,Excit.Thal,-6.243849187880922,1000,MHb.2,NA
4,Excit.Thal,-5.450994393244938,1000,MHb.2,NA
5,Excit.Thal,-8.469630886767874,1000,MHb.2,NA
1,LHb.2.7,-2.902327663630976,1000,MHb.2,NA
2,LHb.2.7,-2.0358464687093734,1000,MHb.2,NA
3,LHb.2.7,-1.2144635016016014,1000,MHb.2,NA
4,LHb.2.7,-3.456488841100424,1000,MHb.2,NA
5,LHb.2.7,-3.359383160326202,1000,MHb.2,NA
1,MHb.1,1.9724322020144953,1000,MHb.2,NA
2,MHb.1,3.0086888090983672,1000,MHb.2,NA
3,MHb.1,3.2478048031829605,1000,MHb.2,NA
4,MHb.1,3.3434504935144744,1000,MHb.2,NA
5,MHb.1,2.466671299188147,1000,MHb.2,NA
1,MHb.2,12.355045072230135,1000,MHb.2,NA
2,MHb.2,12.130131122156898,1000,MHb.2,NA
3,MHb.2,9.61273742338048,1000,MHb.2,NA
4,MHb.2,11.170679168743083,1000,MHb.2,NA
5,MHb.2,13.216036461327707,1000,MHb.2,NA
1,Oligo,-0.8994631770245506,1000,MHb.2,NA
2,Oligo,-1.2932001391574188,1000,MHb.2,NA
3,Oligo,-1.6377666775463204,1000,MHb.2,NA
4,Oligo,-1.1190173327929576,1000,MHb.2,NA
5,Oligo,-0.6778380143972447,1000,MHb.2,NA
1,OPC,-5.485991785699753,1000,MHb.2,NA
2,OPC,-5.3784394538984,1000,MHb.2,NA
3,OPC,-4.545492632540256,1000,MHb.2,NA
4,OPC,-5.43231375256236,1000,MHb.2,NA
5,OPC,-5.592766103959058,1000,MHb.2,NA
1,Astrocyte,-16.923796362747098,5000,MHb.2,NA
2,Astrocyte,-8.823696057364488,5000,MHb.2,NA
3,Astrocyte,-11.261042393160306,5000,MHb.2,NA
4,Astrocyte,-16.0894881022556,5000,MHb.2,NA
5,Astrocyte,-16.381730583953036,5000,MHb.2,NA
1,Endo,-6.053414211810697,5000,MHb.2,NA
2,Endo,-5.24116342960382,5000,MHb.2,NA
3,Endo,-4.541456754560445,5000,MHb.2,NA
4,Endo,-5.892699458621117,5000,MHb.2,NA
5,Endo,-4.0656392127906935,5000,MHb.2,NA
1,Excit.Thal,-18.065290663260974,5000,MHb.2,NA
2,Excit.Thal,-9.406564042385742,5000,MHb.2,NA
3,Excit.Thal,-10.988715574849879,5000,MHb.2,NA
4,Excit.Thal,-15.065670183618467,5000,MHb.2,NA
5,Excit.Thal,-20.871202837951543,5000,MHb.2,NA
1,LHb.2.7,-3.196890619226649,5000,MHb.2,NA
2,LHb.2.7,-1.4218258016890621,5000,MHb.2,NA
3,LHb.2.7,-5.4319784837864145,5000,MHb.2,NA
4,LHb.2.7,-5.492806888059484,5000,MHb.2,NA
5,LHb.2.7,-5.248828457907914,5000,MHb.2,NA
1,MHb.1,17.118016165293273,5000,MHb.2,NA
2,MHb.1,1.0475246549837474,5000,MHb.2,NA
3,MHb.1,2.323188221143296,5000,MHb.2,NA
4,MHb.1,9.008029086859588,5000,MHb.2,NA
5,MHb.1,14.997661006471574,5000,MHb.2,NA
1,MHb.2,19.75254443140474,5000,MHb.2,NA
2,MHb.2,18.46389009720136,5000,MHb.2,NA
3,MHb.2,24.121064370449727,5000,MHb.2,NA
4,MHb.2,27.411773605078945,5000,MHb.2,NA
5,MHb.2,28.404720711621803,5000,MHb.2,NA
1,Oligo,-2.0195298968627666,5000,MHb.2,NA
2,Oligo,-0.4540948585515067,5000,MHb.2,NA
3,Oligo,-1.8929527974763505,5000,MHb.2,NA
4,Oligo,-2.270694857601772,5000,MHb.2,NA
5,Oligo,-1.8081939270242342,5000,MHb.2,NA
1,OPC,-16.508742199894453,5000,MHb.2,NA
2,OPC,-7.676979393489404,5000,MHb.2,NA
3,OPC,-7.861667840566336,5000,MHb.2,NA
4,OPC,-12.31742464028321,5000,MHb.2,NA
5,OPC,-19.327496897802057,5000,MHb.2,NA
1,Astrocyte,-2.046499475850722,100,Oligo,NA
2,Astrocyte,-2.1087713902872895,100,Oligo,NA
3,Astrocyte,-1.7032810477818106,100,Oligo,NA
4,Astrocyte,-1.264671108151718,100,Oligo,NA
5,Astrocyte,-1.8906431351045356,100,Oligo,NA
1,Endo,-2.418977924088485,100,Oligo,NA
2,Endo,-1.4677025782144073,100,Oligo,NA
3,Endo,-0.3073229227268747,100,Oligo,NA
4,Endo,-0.3874864162362114,100,Oligo,NA
5,Endo,-1.5196815565166655,100,Oligo,NA
1,Excit.Thal,0.5598451207396242,100,Oligo,NA
2,Excit.Thal,0.04147131772428596,100,Oligo,NA
3,Excit.Thal,1.0276914420627696,100,Oligo,NA
4,Excit.Thal,0.7214576364646678,100,Oligo,NA
5,Excit.Thal,1.0457447679382037,100,Oligo,NA
1,LHb.2.7,0.8506713506421124,100,Oligo,NA
2,LHb.2.7,1.1005377279759478,100,Oligo,NA
3,LHb.2.7,-0.6018833051865567,100,Oligo,NA
4,LHb.2.7,-0.6899726357552092,100,Oligo,NA
5,LHb.2.7,0.6020003294234956,100,Oligo,NA
1,MHb.1,0.7063570107501501,100,Oligo,NA
2,MHb.1,0.9540800221382174,100,Oligo,NA
3,MHb.1,0.5578226396051414,100,Oligo,NA
4,MHb.1,0.7063570107501501,100,Oligo,NA
5,MHb.1,0.396993941511704,100,Oligo,NA
1,MHb.2,0.9653617539506226,100,Oligo,NA
2,MHb.2,0.39490496953017673,100,Oligo,NA
3,MHb.2,0.15282664569736532,100,Oligo,NA
4,MHb.2,0.34098669852276875,100,Oligo,NA
5,MHb.2,0.475915096865218,100,Oligo,NA
1,Oligo,2.343713507693727,100,Oligo,NA
2,Oligo,1.795730179165499,100,Oligo,NA
3,Oligo,1.4180567925534489,100,Oligo,NA
4,Oligo,1.1366658668481253,100,Oligo,NA
5,Oligo,2.5117017631903176,100,Oligo,NA
1,OPC,-0.8646414372624999,100,Oligo,NA
2,OPC,-0.6698811159068367,100,Oligo,NA
3,OPC,-0.496169004383029,100,Oligo,NA
4,OPC,-0.7348792558564234,100,Oligo,NA
5,OPC,-1.401996374552332,100,Oligo,NA
1,Astrocyte,-3.161308610786858,200,Oligo,NA
2,Astrocyte,-2.357457642486465,200,Oligo,NA
3,Astrocyte,-3.8363611381525704,200,Oligo,NA
4,Astrocyte,-3.2997659259200636,200,Oligo,NA
5,Astrocyte,-3.0688946689477117,200,Oligo,NA
1,Endo,-3.7205382749591696,200,Oligo,NA
2,Endo,-3.274511864710259,200,Oligo,NA
3,Endo,-2.061578544205552,200,Oligo,NA
4,Endo,-3.3740341917209085,200,Oligo,NA
5,Endo,-2.6724125295243133,200,Oligo,NA
1,Excit.Thal,0.32702413633045013,200,Oligo,NA
2,Excit.Thal,0.41648438753371553,200,Oligo,NA
3,Excit.Thal,0.5419098884136715,200,Oligo,NA
4,Excit.Thal,0.18411099290138272,200,Oligo,NA
5,Excit.Thal,1.2084237974111998,200,Oligo,NA
1,LHb.2.7,-0.7339622675869416,200,Oligo,NA
2,LHb.2.7,-0.9971345038834758,200,Oligo,NA
3,LHb.2.7,-1.0845687990207111,200,Oligo,NA
4,LHb.2.7,-0.42526217080620854,200,Oligo,NA
5,LHb.2.7,-1.4762514921203318,200,Oligo,NA
1,MHb.1,0.322794464439577,200,Oligo,NA
2,MHb.1,0.37225874174462753,200,Oligo,NA
3,MHb.1,1.1276103210530042,200,Oligo,NA
4,MHb.1,1.3136500457171514,200,Oligo,NA
5,MHb.1,1.3012436986329707,200,Oligo,NA
1,MHb.2,1.2949418252194669,200,Oligo,NA
2,MHb.2,1.655019751506173,200,Oligo,NA
3,MHb.2,0.475915096865218,200,Oligo,NA
4,MHb.2,-0.06116779638796412,200,Oligo,NA
5,MHb.2,-0.5386472917686915,200,Oligo,NA
1,Oligo,8.030274066963777,200,Oligo,NA
2,Oligo,7.254893694705641,200,Oligo,NA
3,Oligo,7.387674705106309,200,Oligo,NA
4,Oligo,8.327756091757559,200,Oligo,NA
5,Oligo,7.467522657781421,200,Oligo,NA
1,OPC,-0.799799282375397,200,Oligo,NA
2,OPC,-1.8917186187977042,200,Oligo,NA
3,OPC,-1.423380377434412,200,Oligo,NA
4,OPC,-1.912911595160922,200,Oligo,NA
5,OPC,-1.9340963665668929,200,Oligo,NA
1,Astrocyte,-9.094583275615594,500,Oligo,NA
2,Astrocyte,-7.1596563604747105,500,Oligo,NA
3,Astrocyte,-6.342708837312306,500,Oligo,NA
4,Astrocyte,-4.430864786524964,500,Oligo,NA
5,Astrocyte,-7.248387953747347,500,Oligo,NA
1,Endo,-4.332383281836214,500,Oligo,NA
2,Endo,-4.161946267817742,500,Oligo,NA
3,Endo,-2.418977924088485,500,Oligo,NA
4,Endo,-3.8681814909690484,500,Oligo,NA
5,Endo,-3.990828742675154,500,Oligo,NA
1,Excit.Thal,3.674379734927367,500,Oligo,NA
2,Excit.Thal,1.7168484037951357,500,Oligo,NA
3,Excit.Thal,0.25553328760723676,500,Oligo,NA
4,Excit.Thal,0.41648438753371553,500,Oligo,NA
5,Excit.Thal,1.4440406735261015,500,Oligo,NA
1,LHb.2.7,-0.047962925607871125,500,Oligo,NA
2,LHb.2.7,0.828015717240425,500,Oligo,NA
3,LHb.2.7,0.9413927814787311,500,Oligo,NA
4,LHb.2.7,-0.09249194771138088,500,Oligo,NA
5,LHb.2.7,-1.432873350272396,500,Oligo,NA
1,MHb.1,1.2144140809496622,500,Oligo,NA
2,MHb.1,1.2516236028375776,500,Oligo,NA
3,MHb.1,1.735782749345499,500,Oligo,NA
4,MHb.1,0.5578226396051414,500,Oligo,NA
5,MHb.1,1.6115619000887467,500,Oligo,NA
1,MHb.2,1.0475078095038612,500,Oligo,NA
2,MHb.2,-0.4330148414580794,500,Oligo,NA
3,MHb.2,-1.7089388736259181,500,Oligo,NA
4,MHb.2,-0.2740603149554593,500,Oligo,NA
5,MHb.2,1.488433936705186,500,Oligo,NA
1,Oligo,10.77845904211332,500,Oligo,NA
2,Oligo,11.411968979439365,500,Oligo,NA
3,Oligo,12.201619449496906,500,Oligo,NA
4,Oligo,11.732034345957663,500,Oligo,NA
5,Oligo,11.065335997301348,500,Oligo,NA
1,OPC,0.20434518575721924,500,Oligo,NA
2,OPC,-0.7132219004481417,500,Oligo,NA
3,OPC,-2.1243914481431987,500,Oligo,NA
4,OPC,-1.6154594865639504,500,Oligo,NA
5,OPC,-0.10325533500200001,500,Oligo,NA
1,Astrocyte,-9.702908714446117,1000,Oligo,NA
2,Astrocyte,-9.036466848542172,1000,Oligo,NA
3,Astrocyte,-9.803962467166004,1000,Oligo,NA
4,Astrocyte,-8.876483105731486,1000,Oligo,NA
5,Astrocyte,-8.219480653411058,1000,Oligo,NA
1,Endo,-3.892739119563069,1000,Oligo,NA
2,Endo,-2.189571498767987,1000,Oligo,NA
3,Endo,-2.6724125295243133,1000,Oligo,NA
4,Endo,-3.3243022078914297,1000,Oligo,NA
5,Endo,-3.3740341917209085,1000,Oligo,NA
1,Excit.Thal,2.9109356570359592,1000,Oligo,NA
2,Excit.Thal,0.7754068782035644,1000,Oligo,NA
3,Excit.Thal,2.1554658567357667,1000,Oligo,NA
4,Excit.Thal,2.357383210068049,1000,Oligo,NA
5,Excit.Thal,2.486168354075669,1000,Oligo,NA
1,LHb.2.7,0.9186975673298037,1000,Oligo,NA
2,LHb.2.7,1.0095380031563408,1000,Oligo,NA
3,LHb.2.7,-0.15921473867628844,1000,Oligo,NA
4,LHb.2.7,1.305873182315269,1000,Oligo,NA
5,LHb.2.7,0.19762501603856916,1000,Oligo,NA
1,MHb.1,2.258101463871351,1000,Oligo,NA
2,MHb.1,1.7730594943476263,1000,Oligo,NA
3,MHb.1,1.2144140809496622,1000,Oligo,NA
4,MHb.1,-0.06027859980235132,1000,Oligo,NA
5,MHb.1,0.9540800221382174,1000,Oligo,NA
1,MHb.2,-0.14113087905411115,1000,Oligo,NA
2,MHb.2,-1.1148822803594118,1000,Oligo,NA
3,MHb.2,0.9927254402717633,1000,Oligo,NA
4,MHb.2,0.4218906210067785,1000,Oligo,NA
5,MHb.2,-0.5122643537616474,1000,Oligo,NA
1,Oligo,11.35401470292127,1000,Oligo,NA
2,Oligo,12.735748830486656,1000,Oligo,NA
3,Oligo,12.765607380783218,1000,Oligo,NA
4,Oligo,12.231129534897534,1000,Oligo,NA
5,Oligo,11.702844863304124,1000,Oligo,NA
1,OPC,-0.6265055063646804,1000,Oligo,NA
2,OPC,-0.015549507024083895,1000,Oligo,NA
3,OPC,0.2704901769121172,1000,Oligo,NA
4,OPC,0.8918308163560335,1000,Oligo,NA
5,OPC,0.22638442557898172,1000,Oligo,NA
1,Astrocyte,-11.351301256335368,5000,Oligo,NA
2,Astrocyte,-11.663849045550068,5000,Oligo,NA
3,Astrocyte,-9.21072132934663,5000,Oligo,NA
4,Astrocyte,-10.723542628498901,5000,Oligo,NA
5,Astrocyte,-10.120946376743666,5000,Oligo,NA
1,Endo,-2.874067441240765,5000,Oligo,NA
2,Endo,-2.9745346007275364,5000,Oligo,NA
3,Endo,-3.4981099483746494,5000,Oligo,NA
4,Endo,-2.697672223824869,5000,Oligo,NA
5,Endo,-2.061578544205552,5000,Oligo,NA
1,Excit.Thal,3.993323975678939,5000,Oligo,NA
2,Excit.Thal,2.2655331995929333,5000,Oligo,NA
3,Excit.Thal,1.7350717176126356,5000,Oligo,NA
4,Excit.Thal,3.5808420106108203,5000,Oligo,NA
5,Excit.Thal,2.78139490096701,5000,Oligo,NA
1,LHb.2.7,1.8805679009436065,5000,Oligo,NA
2,LHb.2.7,1.949963965523031,5000,Oligo,NA
3,LHb.2.7,1.5349835877484026,5000,Oligo,NA
4,LHb.2.7,1.2830178800173884,5000,Oligo,NA
5,LHb.2.7,1.146097544747523,5000,Oligo,NA
1,MHb.1,0.2857016054380191,5000,Oligo,NA
2,MHb.1,1.971950952916855,5000,Oligo,NA
3,MHb.1,1.3260569225707133,5000,Oligo,NA
4,MHb.1,-0.5908416720042259,5000,Oligo,NA
5,MHb.1,0.13737587370141774,5000,Oligo,NA
1,MHb.2,-0.007773033439027711,5000,Oligo,NA
2,MHb.2,0.17965412409282056,5000,Oligo,NA
3,MHb.2,-0.4594481547207086,5000,Oligo,NA
4,MHb.2,-0.32711288469633126,5000,Oligo,NA
5,MHb.2,-0.22093973495881508,5000,Oligo,NA
1,Oligo,13.976376308475603,5000,Oligo,NA
2,Oligo,13.731614799859543,5000,Oligo,NA
3,Oligo,13.065277893759207,5000,Oligo,NA
4,Oligo,14.099257165355091,5000,Oligo,NA
5,Oligo,13.366942292178278,5000,Oligo,NA
1,OPC,0.24843275276699256,5000,Oligo,NA
2,OPC,-0.16894074823970748,5000,Oligo,NA
3,OPC,-0.2782382175075806,5000,Oligo,NA
4,OPC,1.9514461358165296,5000,Oligo,NA
5,OPC,0.6690904119012637,5000,Oligo,NA
1,Astrocyte,-1.5337550186342037,100,OPC,NA
2,Astrocyte,-0.680563373221458,100,OPC,NA
3,Astrocyte,-1.4837703229300625,100,OPC,NA
4,Astrocyte,-1.450433223838643,100,OPC,NA
5,Astrocyte,-1.3336651594074462,100,OPC,NA
1,Endo,-0.2749186406202625,100,OPC,NA
2,Endo,-0.897762081790012,100,OPC,NA
3,Endo,-0.956540583374218,100,OPC,NA
4,Endo,-1.1323231933704796,100,OPC,NA
5,Endo,-1.2490543922991642,100,OPC,NA
1,Excit.Thal,0.7394456532621775,100,OPC,NA
2,Excit.Thal,0.6662401072084471,100,OPC,NA
3,Excit.Thal,0.9299245836452245,100,OPC,NA
4,Excit.Thal,0.6808787536532721,100,OPC,NA
5,Excit.Thal,1.105937554581903,100,OPC,NA
1,LHb.2.7,1.5450560796168755,100,OPC,NA
2,LHb.2.7,1.0732400233133816,100,OPC,NA
3,LHb.2.7,1.4010995854408717,100,OPC,NA
4,LHb.2.7,1.4216454003845256,100,OPC,NA
5,LHb.2.7,1.2164768625667433,100,OPC,NA
1,MHb.1,-1.2232838481368964,100,OPC,NA
2,MHb.1,-0.6575046080323441,100,OPC,NA
3,MHb.1,-0.4668122807113473,100,OPC,NA
4,MHb.1,-0.7524527533320526,100,OPC,NA
5,MHb.1,-1.0670571876077564,100,OPC,NA
1,MHb.2,-2.119648053541351,100,OPC,NA
2,MHb.2,-1.9191402804852562,100,OPC,NA
3,MHb.2,-0.6012562649669523,100,OPC,NA
4,MHb.2,-0.6012562649669523,100,OPC,NA
5,MHb.2,-1.6090469740159776,100,OPC,NA
1,Oligo,0.0742149210741027,100,OPC,NA
2,Oligo,-0.028926888303994737,100,OPC,NA
3,Oligo,-0.40425252888524377,100,OPC,NA
4,Oligo,-0.06323253658742709,100,OPC,NA
5,Oligo,0.005416172335435126,100,OPC,NA
1,OPC,0.47088439746656874,100,OPC,NA
2,OPC,0.16454219495631367,100,OPC,NA
3,OPC,0.309547668894109,100,OPC,NA
4,OPC,0.616286089407745,100,OPC,NA
5,OPC,0.5354840774631752,100,OPC,NA
1,Astrocyte,-4.229271440794084,200,OPC,NA
2,Astrocyte,-4.811637198097544,200,OPC,NA
3,Astrocyte,-3.9531317637889227,200,OPC,NA
4,Astrocyte,-3.6436320048451956,200,OPC,NA
5,Astrocyte,-3.4476790645237387,200,OPC,NA
1,Endo,-0.985895166987419,200,OPC,NA
2,Endo,-1.8846696841347261,200,OPC,NA
3,Endo,-2.5097658588792267,200,OPC,NA
4,Endo,-2.1985056567308225,200,OPC,NA
5,Endo,-1.510378404121525,200,OPC,NA
1,Excit.Thal,2.5502187304510264,200,OPC,NA
2,Excit.Thal,2.4170630914184463,200,OPC,NA
3,Excit.Thal,2.639048387163725,200,OPC,NA
4,Excit.Thal,2.2840136165389655,200,OPC,NA
5,Excit.Thal,2.047741779474163,200,OPC,NA
1,LHb.2.7,3.0867285850096144,200,OPC,NA
2,LHb.2.7,3.8930024961230654,200,OPC,NA
3,LHb.2.7,3.6372864543816714,200,OPC,NA
4,LHb.2.7,3.467377948663228,200,OPC,NA
5,LHb.2.7,2.771238978156836,200,OPC,NA
1,MHb.1,-3.8349068589975275,200,OPC,NA
2,MHb.1,-3.3396318727889396,200,OPC,NA
3,MHb.1,-3.4567910275858877,200,OPC,NA
4,MHb.1,-3.0154262784245143,200,OPC,NA
5,MHb.1,-3.8349068589975275,200,OPC,NA
1,MHb.2,-3.904015122228379,200,OPC,NA
2,MHb.2,-1.9191402804852562,200,OPC,NA
3,MHb.2,-2.877496056293006,200,OPC,NA
4,MHb.2,-3.4054691432597513,200,OPC,NA
5,MHb.2,-2.6942013600782655,200,OPC,NA
1,Oligo,-0.2682861807293467,200,OPC,NA
2,Oligo,-0.33634245745161495,200,OPC,NA
3,Oligo,-0.6071129805162495,200,OPC,NA
4,Oligo,0.10867080530022884,200,OPC,NA
5,Oligo,0.38568720945046053,200,OPC,NA
1,OPC,2.228408342198717,200,OPC,NA
2,OPC,2.244813718441128,200,OPC,NA
3,OPC,2.0481120421234142,200,OPC,NA
4,OPC,1.5905128516671068,200,OPC,NA
5,OPC,1.9989919874176714,200,OPC,NA
1,Astrocyte,-12.70234068385374,500,OPC,NA
2,Astrocyte,-10.101271405738494,500,OPC,NA
3,Astrocyte,-9.112826379209432,500,OPC,NA
4,Astrocyte,-5.902974854518836,500,OPC,NA
5,Astrocyte,-10.500436477461026,500,OPC,NA
1,Endo,-1.4234723665832005,500,OPC,NA
2,Endo,-0.8683380742504134,500,OPC,NA
3,Endo,-1.4524633866768641,500,OPC,NA
4,Endo,-1.625941534885678,500,OPC,NA
5,Endo,-1.625941534885678,500,OPC,NA
1,Excit.Thal,7.67871550744759,500,OPC,NA
2,Excit.Thal,6.809558988685214,500,OPC,NA
3,Excit.Thal,7.037796908110568,500,OPC,NA
4,Excit.Thal,6.005854422816999,500,OPC,NA
5,Excit.Thal,7.281632754155651,500,OPC,NA
1,LHb.2.7,6.109526250006828,500,OPC,NA
2,LHb.2.7,6.375547681250145,500,OPC,NA
3,LHb.2.7,7.293217650760415,500,OPC,NA
4,LHb.2.7,5.427537907948649,500,OPC,NA
5,LHb.2.7,5.449421300244671,500,OPC,NA
1,MHb.1,-9.056046132022935,500,OPC,NA
2,MHb.1,-11.30161890697702,500,OPC,NA
3,MHb.1,-12.309239803899851,500,OPC,NA
4,MHb.1,-11.585354303549453,500,OPC,NA
5,MHb.1,-9.580081570807883,500,OPC,NA
1,MHb.2,-5.601663705970566,500,OPC,NA
2,MHb.2,-7.169889212401373,500,OPC,NA
3,MHb.2,-6.193682090886648,500,OPC,NA
4,MHb.2,-5.186728255496091,500,OPC,NA
5,MHb.2,-4.45338431540442,500,OPC,NA
1,Oligo,0.5251187642560676,500,OPC,NA
2,Oligo,1.4109793313142374,500,OPC,NA
3,Oligo,0.5251187642560676,500,OPC,NA
4,Oligo,-0.5058451395597765,500,OPC,NA
5,Oligo,-0.7080585304663046,500,OPC,NA
1,OPC,6.769644885107071,500,OPC,NA
2,OPC,5.865799092801946,500,OPC,NA
3,OPC,5.054031098424004,500,OPC,NA
4,OPC,4.014776215393059,500,OPC,NA
5,OPC,6.069744230983798,500,OPC,NA
1,Astrocyte,-14.68796680903227,1000,OPC,NA
2,Astrocyte,-11.917306082986071,1000,OPC,NA
3,Astrocyte,-12.912841362988505,1000,OPC,NA
4,Astrocyte,-13.781143626133012,1000,OPC,NA
5,Astrocyte,-13.032966959982472,1000,OPC,NA
1,Endo,-1.8273277001423711,1000,OPC,NA
2,Endo,0.26741136186143544,1000,OPC,NA
3,Endo,0.20675714324763025,1000,OPC,NA
4,Endo,-0.8683380742504134,1000,OPC,NA
5,Endo,-1.625941534885678,1000,OPC,NA
1,Excit.Thal,12.436061230505274,1000,OPC,NA
2,Excit.Thal,10.769873677693003,1000,OPC,NA
3,Excit.Thal,11.694789531328414,1000,OPC,NA
4,Excit.Thal,11.098374767305577,1000,OPC,NA
5,Excit.Thal,11.915173723260743,1000,OPC,NA
1,LHb.2.7,10.869741407414315,1000,OPC,NA
2,LHb.2.7,11.49532174949422,1000,OPC,NA
3,LHb.2.7,9.194325547536645,1000,OPC,NA
4,LHb.2.7,8.31652620581972,1000,OPC,NA
5,LHb.2.7,7.541776543721957,1000,OPC,NA
1,MHb.1,-20.077966027977673,1000,OPC,NA
2,MHb.1,-22.38821279903215,1000,OPC,NA
3,MHb.1,-21.20884638393033,1000,OPC,NA
4,MHb.1,-18.359659316735726,1000,OPC,NA
5,MHb.1,-18.339534910809412,1000,OPC,NA
1,MHb.2,-7.343501937037741,1000,OPC,NA
2,MHb.2,-8.797092017977834,1000,OPC,NA
3,MHb.2,-5.802849484876251,1000,OPC,NA
4,MHb.2,-7.052604078082079,1000,OPC,NA
5,MHb.2,-7.285933994125153,1000,OPC,NA
1,Oligo,1.6636200514441442,1000,OPC,NA
2,Oligo,2.101591515789086,1000,OPC,NA
3,Oligo,1.8818270867728129,1000,OPC,NA
4,Oligo,0.7354387361580862,1000,OPC,NA
5,Oligo,0.8058614411655808,1000,OPC,NA
1,OPC,9.074180415327502,1000,OPC,NA
2,OPC,8.3928621384996,1000,OPC,NA
3,OPC,8.340647337628406,1000,OPC,NA
4,OPC,9.672036363040363,1000,OPC,NA
5,OPC,8.951544675767584,1000,OPC,NA
1,Astrocyte,-6.63498022233424,5000,OPC,NA
2,Astrocyte,-14.524915575036358,5000,OPC,NA
3,Astrocyte,-14.346805250199417,5000,OPC,NA
4,Astrocyte,-12.038409931852092,5000,OPC,NA
5,Astrocyte,-8.115756713320906,5000,OPC,NA
1,Endo,-0.897762081790012,5000,OPC,NA
2,Endo,-2.622322977104354,5000,OPC,NA
3,Endo,-2.6504104033639804,5000,OPC,NA
4,Endo,0.8795292797057753,5000,OPC,NA
5,Endo,-1.3072838804801175,5000,OPC,NA
1,Excit.Thal,32.72840555930783,5000,OPC,NA
2,Excit.Thal,25.539634769005488,5000,OPC,NA
3,Excit.Thal,14.76516734451315,5000,OPC,NA
4,Excit.Thal,20.696393087450403,5000,OPC,NA
5,Excit.Thal,31.399717107700734,5000,OPC,NA
1,LHb.2.7,13.538371947394591,5000,OPC,NA
2,LHb.2.7,11.085537368880464,5000,OPC,NA
3,LHb.2.7,11.109563516483618,5000,OPC,NA
4,LHb.2.7,15.190406819668734,5000,OPC,NA
5,LHb.2.7,14.600373957048966,5000,OPC,NA
1,MHb.1,-56.936566237860234,5000,OPC,NA
2,MHb.1,-41.109825468045486,5000,OPC,NA
3,MHb.1,-23.359339190953502,5000,OPC,NA
4,MHb.1,-38.705742931995196,5000,OPC,NA
5,MHb.1,-53.04671881081093,5000,OPC,NA
1,MHb.2,-17.01905311602512,5000,OPC,NA
2,MHb.2,-10.848218587146294,5000,OPC,NA
3,MHb.2,-10.805002118505492,5000,OPC,NA
4,MHb.2,-16.205912125716313,5000,OPC,NA
5,MHb.2,-20.55914747375599,5000,OPC,NA
1,Oligo,0.6651746166387237,5000,OPC,NA
2,Oligo,0.9117947091982909,5000,OPC,NA
3,Oligo,1.446944735347783,5000,OPC,NA
4,Oligo,1.7361842837893358,5000,OPC,NA
5,Oligo,0.770630212462816,5000,OPC,NA
1,OPC,28.187095902239207,5000,OPC,NA
2,OPC,20.769602140490814,5000,OPC,NA
3,OPC,10.861062973279244,5000,OPC,NA
4,OPC,16.586526699079013,5000,OPC,NA
5,OPC,26.97471519194444,5000,OPC,NA
