ontology,ID,Description,GeneRatio,BgRatio,RichFactor,FoldEnrichment,zScore,pvalue,p.adjust,qvalue,geneID,Count,neglog10_FDR,significance,term_label
BP,GO:0042063,gliogenesis,14/50,355/18986,0.0394366197183099,14.9748732394366,13.6580956966891,2.52467788964464e-13,5.57701345822501e-10,3.10934013777287e-10,LRP8/LRP1/APP/GPC1/GPR37L1/VIM/TNFRSF21/CNTN2/CNTN1/LDLR/CNTNAP1/RTN4/COL6A1/LRP2,14,9.25359830748516,***,gliogenesis [GO:0042063]
BP,GO:0010975,regulation of neuron projection development,14/50,452/18986,0.0309734513274336,11.7612389380531,11.8985240538838,6.59944209195345e-12,5.02728013440328e-09,2.8028485179061e-09,APOE/LRP8/VIM/LRP4/SPP1/CNTN2/NRCAM/CNTN1/SDC2/ROBO3/RTN4/FGFR1/PTPRS/DCC,14,8.2986669139691,***,regulation of neuron projection development [GO:0010975]
BP,GO:0007409,axonogenesis,14/50,459/18986,0.0305010893246187,11.5818736383442,11.7926808069599,8.10623325985107e-12,5.02728013440328e-09,2.8028485179061e-09,APOE/APP/LRP4/NCAM1/FGFR2/SPP1/CNTN2/NRCAM/CNTN1/ROBO3/CNTNAP1/RTN4/PTPRS/DCC,14,8.2986669139691,***,axonogenesis [GO:0007409]
BP,GO:0051960,regulation of nervous system development,14/50,463/18986,0.0302375809935205,11.4818142548596,11.7332269749939,9.10326869063519e-12,5.02728013440328e-09,2.8028485179061e-09,LRP8/APP/GPR37L1/TNFRSF21/LRP4/SPP1/AGRN/SORL1/LDLR/RTN4/LRP2/LRRC4B/PTPRS/DCC,14,8.2986669139691,***,regulation of nervous system development [GO:0051960]
BP,GO:0050807,regulation of synapse organization,12/50,312/18986,0.0384615384615385,14.6046153846154,12.450622585389,2.18228544373608e-11,9.64133709042601e-09,5.37531361930782e-09,APOE/LRP8/APP/SPARC/LRP4/AGRN/NRCAM/CNTNAP1/RTN4/FGFR1/LRRC4B/PTPRS,12,8.01586273261937,***,regulation of synapse organization [GO:0050807]
BP,GO:0050803,regulation of synapse structure or activity,12/50,318/18986,0.0377358490566038,14.3290566037736,12.3171507440303,2.72321421738838e-11,1.00259670103515e-08,5.58975549884983e-09,APOE/LRP8/APP/SPARC/LRP4/AGRN/NRCAM/CNTNAP1/RTN4/FGFR1/LRRC4B/PTPRS,12,7.99887372873213,***,regulation of synapse structure or activity [GO:0050803]
BP,GO:0010001,glial cell differentiation,11/50,267/18986,0.0411985018726592,15.6438951310861,12.3827498353212,7.96491470065834e-11,2.51349951053632e-08,1.40134589470229e-08,LRP1/APP/GPC1/GPR37L1/VIM/TNFRSF21/CNTN2/CNTN1/LDLR/CNTNAP1/COL6A1,11,7.59972119500778,***,glial cell differentiation [GO:0010001]
BP,GO:0051961,negative regulation of nervous system development,9/50,146/18986,0.0616438356164384,23.407397260274,13.966049369819,1.40517084842421e-10,3.88002800521135e-08,2.16322354296885e-08,APP/GPR37L1/LRP4/SPP1/SORL1/LDLR/RTN4/PTPRS/DCC,9,7.4111651397499,***,negative regulation of nervous system development [GO:0051961]
BP,GO:0099175,regulation of postsynapse organization,9/50,150/18986,0.06,22.7832,13.7631913526543,1.79040176169744e-10,4.39444165732184e-08,2.45002346337545e-08,APOE/LRP8/APP/LRP4/NRCAM/RTN4/FGFR1/LRRC4B/PTPRS,9,7.35709629705168,***,regulation of postsynapse organization [GO:0099175]
BP,GO:0099173,postsynapse organization,10/50,246/18986,0.040650406504065,15.4357723577236,11.7103254663836,7.24252236739542e-10,1.59987319095765e-07,8.9197380735291e-08,APOE/LRP8/APP/LRP4/NRCAM/CNTNAP1/RTN4/FGFR1/LRRC4B/PTPRS,10,6.79591443900024,***,postsynapse organization [GO:0099173]
BP,GO:0097242,amyloid-beta clearance,6/50,41/18986,0.146341463414634,55.5687804878049,17.973599168471,1.02528703581543e-09,2.05896278374208e-07,1.14792902574551e-07,APOE/LRP1/APP/LRP4/LDLR/LRP2,6,6.68635150329043,***,amyloid-beta clearance [GO:0097242]
BP,GO:0008038,neuron recognition,6/50,46/18986,0.130434782608696,49.5286956521739,16.9329929483007,2.11472555167778e-09,3.89285728638017e-07,2.17037622409035e-07,APP/TNFRSF21/CNTN2/NRCAM/ROBO3/RTN4,6,6.4097315173899,***,neuron recognition [GO:0008038]
BP,GO:0021782,glial cell development,8/50,136/18986,0.0588235294117647,22.3364705882353,12.8316509930669,2.34767239794824e-09,3.98923717466743e-07,2.22411069279307e-07,LRP1/APP/VIM/CNTN2/CNTN1/LDLR/CNTNAP1/COL6A1,8,6.39911014253516,***,glial cell development [GO:0021782]
BP,GO:0050768,negative regulation of neurogenesis,8/50,138/18986,0.0579710144927536,22.0127536231884,12.7302242919189,2.63626370401085e-09,4.15964751582855e-07,2.31911919826519e-07,GPR37L1/LRP4/SPP1/SORL1/LDLR/RTN4/PTPRS/DCC,8,6.38094346947336,***,negative regulation of neurogenesis [GO:0050768]
BP,GO:0008037,cell recognition,8/50,156/18986,0.0512820512820513,19.4728205128205,11.9046472201914,6.95089859821078e-09,1.02363566689651e-06,5.70705358589938e-07,APP/TNFRSF21/CNTN2/NRCAM/ROBO3/RTN4/CADM1/SCARB1,8,5.98985459024629,***,cell recognition [GO:0008037]
MF,GO:0030228,lipoprotein particle receptor activity,6/49,18/18737,0.333333333333333,127.462585034014,27.4860322414157,4.22193878964057e-12,8.65497451876316e-10,4.57747047718924e-10,LRP8/LRP1/SORL1/LDLR/LRP2/SCARB1,6,9.06273420639943,***,lipoprotein particle receptor activity [GO:0030228]
MF,GO:0001540,amyloid-beta binding,8/49,83/18737,0.0963855421686747,36.8566510941726,16.7640076918184,4.08506249671959e-11,4.18718905913758e-09,2.21453387980062e-09,APOE/LRP8/LRP1/CD74/ATP1A3/SORL1/LDLR/SCARB1,8,8.37807742948696,***,amyloid-beta binding [GO:0001540]
MF,GO:0005041,low-density lipoprotein particle receptor activity,5/49,15/18737,0.333333333333333,127.462585034014,25.0891894129957,2.91933146328667e-10,1.70192588214066e-08,9.00119978744483e-09,LRP8/LRP1/SORL1/LDLR/LRP2,5,7.76905935710585,***,low-density lipoprotein particle receptor activity [GO:0005041]
MF,GO:0038024,cargo receptor activity,7/49,65/18737,0.107692307692308,41.1802197802198,16.6160822416561,3.32083098954275e-10,1.70192588214066e-08,9.00119978744483e-09,LRP8/LRP1/SORL1/LDLR/TFRC/LRP2/SCARB1,7,7.76905935710585,***,cargo receptor activity [GO:0038024]
MF,GO:0033218,amide binding,10/49,244/18737,0.040983606557377,15.6716293074607,11.8120326870807,6.14077148948718e-10,2.42499495714251e-08,1.28253905307152e-08,APOE/LRP8/LRP1/CD74/APP/PSAP/ATP1A3/SORL1/LDLR/SCARB1,10,7.61528916019057,***,amide binding [GO:0033218]
MF,GO:0042277,peptide binding,10/49,249/18737,0.0401606425702811,15.3569379559053,11.6780840605081,7.47863405214431e-10,2.42499495714251e-08,1.28253905307152e-08,APOE/LRP8/LRP1/CD74/GPR37L1/ATP1A3/SORL1/LDLR/GPR37/SCARB1,10,7.61528916019057,***,peptide binding [GO:0042277]
MF,GO:0034185,apolipoprotein binding,5/49,18/18737,0.277777777777778,106.218820861678,22.8688026725847,8.28047058536467e-10,2.42499495714251e-08,1.28253905307152e-08,LRP8/LRP1/APP/LRP4/SCARB1,5,7.61528916019057,***,apolipoprotein binding [GO:0034185]
MF,GO:0043395,heparan sulfate proteoglycan binding,5/49,19/18737,0.263157894736842,100.6283566058,22.2476995961914,1.12157872825463e-09,2.87404549115249e-08,1.52003432908193e-08,APOE/LRP1/APP/AGRN/PTPRS,5,7.54150636201942,***,heparan sulfate proteoglycan binding [GO:0043395]
MF,GO:0071813,lipoprotein particle binding,5/49,32/18737,0.15625,59.7480867346939,17.0311873520469,1.89353191052025e-08,3.8817404165665e-07,2.0529872293009e-07,APOE/LRP8/SORL1/LDLR/SCARB1,5,6.41097351052987,***,lipoprotein particle binding [GO:0071813]
MF,GO:0071814,protein-lipid complex binding,5/49,32/18737,0.15625,59.7480867346939,17.0311873520469,1.89353191052025e-08,3.8817404165665e-07,2.0529872293009e-07,APOE/LRP8/SORL1/LDLR/SCARB1,5,6.41097351052987,***,protein-lipid complex binding [GO:0071814]
MF,GO:0043394,proteoglycan binding,5/49,37/18737,0.135135135135135,51.6740209597353,15.7986686879548,4.0587793596286e-08,7.56408880658058e-07,4.00051936882054e-07,APOE/LRP1/APP/AGRN/PTPRS,5,6.12124338093997,***,proteoglycan binding [GO:0043394]
MF,GO:0019838,growth factor binding,7/49,132/18737,0.053030303030303,20.2781385281385,11.3813110118572,4.92743666052645e-08,8.41770429506601e-07,4.45198224591425e-07,ENG/GPC1/FGFR2/SORT1/FGFR1/COL6A1/LRP2,7,6.07480633461992,***,growth factor binding [GO:0019838]
MF,GO:0005539,glycosaminoglycan binding,8/49,246/18737,0.032520325203252,12.4353741496599,9.24469950368013,2.23290037609576e-07,3.52111213153562e-06,1.86225699382885e-06,APOE/APP/ENG/CD44/FGFR2/AGRN/FGFR1/PTPRS,8,5.4533201443897,***,glycosaminoglycan binding [GO:0005539]
MF,GO:1901681,sulfur compound binding,7/49,277/18737,0.0252707581227437,9.66322846828262,7.4380461764774,7.22757167362531e-06,0.000105832299506656,5.59729234874742e-05,APOE/LRP1/APP/FGFR2/AGRN/FGFR1/PTPRS,7,3.97538176749243,***,sulfur compound binding [GO:1901681]
MF,GO:0098632,cell-cell adhesion mediator activity,4/49,53/18737,0.0754716981132076,28.8594532152484,10.3999358423821,1.09986925720355e-05,0.000142707207811069,7.54754423853152e-05,CNTN2/NRCAM/CNTN1/ROBO3,4,3.84555409112137,***,cell-cell adhesion mediator activity [GO:0098632]
CC,GO:0062023,collagen-containing extracellular matrix,12/50,430/19960,0.027906976744186,11.1404651162791,10.6527011314643,4.96815611715858e-10,7.73965279220904e-08,3.58645238082913e-08,APOE/SPARC/GPC1/PSAP/NCAM1/FGFR2/AGRN/SPON1/SDC2/COL6A2/COL6A1/PKM,12,7.11127852172149,***,collagen-containing extracellular matrix [GO:0062023]
CC,GO:0005905,clathrin-coated pit,7/50,77/19960,0.0909090909090909,36.2909090909091,15.5484110499978,8.41266607848809e-10,7.73965279220904e-08,3.58645238082913e-08,LRP1/APP/TF/LDLR/SORT1/TFRC/LRP2,7,7.11127852172149,***,clathrin-coated pit [GO:0005905]
CC,GO:0030139,endocytic vesicle,10/50,356/19960,0.0280898876404494,11.2134831460674,9.74417982015423,1.56519975061439e-08,9.59989180376827e-07,4.44846244911459e-07,APOE/LRP1/CD74/SPARC/VIM/TF/LDLR/TFRC/LRP2/SCARB1,10,6.01773366167827,***,endocytic vesicle [GO:0030139]
CC,GO:0030669,clathrin-coated endocytic vesicle membrane,6/50,75/19960,0.08,31.936,13.4508817381948,3.19971671607832e-08,1.42881743106012e-06,6.6209503384365e-07,APOE/CD74/TF/LDLR/TFRC/LRP2,6,5.84502326018632,***,clathrin-coated endocytic vesicle membrane [GO:0030669]
CC,GO:0030666,endocytic vesicle membrane,8/50,207/19960,0.0386473429951691,15.4280193236715,10.4566872148939,4.31809901401609e-08,1.42881743106012e-06,6.6209503384365e-07,APOE/LRP1/CD74/TF/LDLR/TFRC/LRP2/SCARB1,8,5.84502326018632,***,endocytic vesicle membrane [GO:0030666]
CC,GO:0034362,low-density lipoprotein particle,4/50,15/19960,0.266666666666667,106.453333333333,20.4742349457564,4.65918727519606e-08,1.42881743106012e-06,6.6209503384365e-07,APOE/APP/LDLR/LSR,4,5.84502326018632,***,low-density lipoprotein particle [GO:0034362]
CC,GO:0098984,neuron to neuron synapse,10/50,412/19960,0.0242718446601942,9.68932038834951,8.93103959311451,6.19101493160492e-08,1.62735249630758e-06,7.54093548060148e-07,LRP8/LRP4/ATP1A3/NRCAM/SORT1/RTN4/LRRC4B/PTPRS/CADM1/DCC,10,5.78851836555105,***,neuron to neuron synapse [GO:0098984]
CC,GO:0005788,endoplasmic reticulum lumen,9/50,314/19960,0.0286624203821656,11.4420382165605,9.34612948803593,7.48422702603339e-08,1.72137221598768e-06,7.97661038300927e-07,APOE/APP/SPP1/SPON1/SDC2/TF/COL6A2/COL6A1/TSPAN15,9,5.76412521109536,***,endoplasmic reticulum lumen [GO:0005788]
CC,GO:0045334,clathrin-coated endocytic vesicle,6/50,93/19960,0.0645161290322581,25.7548387096774,11.9909665273256,1.17068707350235e-07,2.39340468360481e-06,1.10907196437065e-06,APOE/CD74/TF/LDLR/TFRC/LRP2,6,5.62098386344367,***,clathrin-coated endocytic vesicle [GO:0045334]
CC,GO:0097060,synaptic membrane,10/50,453/19960,0.022075055187638,8.81236203090508,8.42859101571782,1.4970403121268e-07,2.75455417431331e-06,1.27642384507653e-06,LRP8/LRP4/CNTN2/NRCAM/CNTN1/CHRNA4/LRRC4B/PTPRS/CADM3/DCC,10,5.55994868185883,***,synaptic membrane [GO:0097060]
CC,GO:0032279,asymmetric synapse,9/50,375/19960,0.024,9.5808,8.40621293498868,3.36380151189243e-07,5.6267225289837e-06,2.60734854031853e-06,LRP8/LRP4/NRCAM/SORT1/RTN4/LRRC4B/PTPRS/CADM1/DCC,9,5.24974450071635,***,asymmetric synapse [GO:0032279]
CC,GO:0030135,coated vesicle,8/50,320/19960,0.025,9.98,8.1152022013786,1.19536972499407e-06,1.5009664384596e-05,6.95527926288489e-06,APOE/CD74/APP/TF/LDLR/SORT1/TFRC/LRP2,8,4.82362901845277,***,coated vesicle [GO:0030135]
CC,GO:0030136,clathrin-coated vesicle,7/50,220/19960,0.0318181818181818,12.7018181818182,8.7460080635308,1.19968894663942e-06,1.5009664384596e-05,6.95527926288489e-06,APOE/CD74/TF/LDLR/SORT1/TFRC/LRP2,7,4.82362901845277,***,clathrin-coated vesicle [GO:0030136]
CC,GO:0030665,clathrin-coated vesicle membrane,6/50,138/19960,0.0434782608695652,17.3565217391304,9.66218889675611,1.21186981964465e-06,1.5009664384596e-05,6.95527926288489e-06,APOE/CD74/TF/LDLR/TFRC/LRP2,6,4.82362901845277,***,clathrin-coated vesicle membrane [GO:0030665]
CC,GO:0045211,postsynaptic membrane,8/50,321/19960,0.0249221183800623,9.94890965732087,8.09993840043618,1.22361394439642e-06,1.5009664384596e-05,6.95527926288489e-06,LRP8/CNTN2/NRCAM/CNTN1/CHRNA4/LRRC4B/PTPRS/DCC,8,4.82362901845277,***,postsynaptic membrane [GO:0045211]
