"","Sp20D01","Sp20D02","Sp20D03","Sp20D04","Sp20D05","Sp20D06","Sp20D07","Sp20D08","Sp20D09","Sp20D10","Sp20D11","Sp20D12","Sp20D13","Sp20D14","Sp20D15","Sp20D16","Sp20D17","Sp20D18","Sp20D19","Sp20D20"
"V13B23-280_A1",163,208,278,435,0,56,34,70,443,563,10,14,353,43,49,35,23,268,48,24
"V13B23-280_B1",162,241,390,298,0,36,39,55,353,506,33,22,249,57,52,28,37,305,25,33
"V13B23-280_C1",131,393,521,360,0,44,32,34,327,533,79,67,275,153,64,21,23,449,45,29
"V13B23-280_D1",212,278,455,421,0,29,39,24,444,645,21,7,322,51,62,20,37,385,23,40
"V13B23-285_A1",113,429,582,318,0,3,18,9,342,449,357,297,219,134,42,1,31,447,0,12
"V13B23-285_B1",84,445,488,196,0,9,31,49,212,308,277,263,120,137,44,10,12,399,20,15
"V13B23-285_C1",68,461,489,172,6,11,45,88,174,265,322,324,134,146,42,16,12,390,17,19
"V13B23-285_D1",57,393,518,201,7,12,34,84,208,268,292,278,141,110,44,26,17,395,19,14
"V14F07-340_A1",7,161,528,48,0,96,33,72,73,85,18,10,31,120,36,46,40,140,98,27
"V14F07-340_B1",1,148,441,35,0,100,41,99,40,93,63,37,11,155,62,79,47,112,91,34
"V14F07-340_C1",2,194,606,44,0,109,12,73,50,80,20,10,9,136,36,58,33,175,120,27
"V14F07-340_D1",20,220,626,82,0,106,16,59,129,94,6,4,37,61,13,33,40,233,88,16
