"original_cluster_count","unique_cell_type_count_cleany","unique_mhb_lhb_counts_cleany","one_to_one_cell_type_count_cleany","multiple_mhb_lhb_counts_cleany","score_total_cleany","score_total_scaled_cleany","unique_cell_type_count_normalized","unique_mhb_lhb_counts_normalized","one_to_one_cell_type_count_normalized","multiple_mhb_lhb_counts_normalized","score_total_normalized","score_total_scaled_normalized","cleany_rank","normalized_rank"
27,9,2,6,2,4,1,8,2,4,2,3.6,0.941176470588235,1,2
29,9,2,5,2,3.83333333333333,0.956521739130435,8,2,5,2,3.8,1,2,6
38,9,2,5,2,3.83333333333333,0.956521739130435,7,2,5,2,3.6,0.941176470588235,3,13
13,8,2,5,2,3.69047619047619,0.919254658385093,6,1,4,1,1.2,0.235294117647059,4,26
22,8,2,5,2,3.69047619047619,0.919254658385093,7,1,4,1,1.4,0.294117647058823,5,27
24,8,2,5,2,3.69047619047619,0.919254658385093,8,2,5,2,3.8,1,6,1
25,8,2,5,2,3.69047619047619,0.919254658385093,7,2,3,2,3.2,0.823529411764706,7,3
28,8,2,5,2,3.69047619047619,0.919254658385093,7,1,4,1,1.4,0.294117647058823,8,12
70,9,2,3,2,3.5,0.869565217391304,8,2,3,2,3.4,0.882352941176471,9,22
16,7,2,4,2,3.38095238095238,0.838509316770186,7,1,4,1,1.4,0.294117647058823,10,9
26,7,2,4,2,3.38095238095238,0.838509316770186,8,1,4,1,1.6,0.352941176470588,11,25
30,7,2,4,2,3.38095238095238,0.838509316770186,7,2,5,2,3.6,0.941176470588235,12,28
31,7,2,4,2,3.38095238095238,0.838509316770186,8,2,5,2,3.8,1,13,32
32,7,2,4,2,3.38095238095238,0.838509316770186,7,2,2,2,3,0.764705882352941,14,33
33,7,2,4,2,3.38095238095238,0.838509316770186,7,1,4,1,1.4,0.294117647058823,15,7
36,7,2,4,2,3.38095238095238,0.838509316770186,6,2,1,2,2.6,0.647058823529412,16,18
39,7,2,4,2,3.38095238095238,0.838509316770186,6,2,3,2,3,0.764705882352941,17,31
100,8,2,3,2,3.35714285714286,0.832298136645963,8,2,2,2,3.2,0.823529411764706,18,37
9,6,2,4,2,3.23809523809524,0.801242236024845,6,1,5,1,1.4,0.294117647058823,19,14
20,6,2,4,2,3.23809523809524,0.801242236024845,7,1,3,1,1.2,0.235294117647059,20,17
18,7,2,3,2,3.21428571428571,0.795031055900621,7,1,5,1,1.6,0.352941176470588,21,24
40,8,2,2,2,3.19047619047619,0.788819875776398,8,2,4,2,3.6,0.941176470588235,22,16
12,6,2,3,2,3.07142857142857,0.757763975155279,7,1,5,1,1.6,0.352941176470588,23,11
34,7,2,2,2,3.04761904761905,0.751552795031056,6,2,3,2,3,0.764705882352941,24,21
8,5,2,3,2,2.92857142857143,0.720496894409938,6,2,5,2,3.4,0.882352941176471,25,23
14,7,1,5,1,1.54761904761905,0.360248447204969,7,2,6,2,3.8,1,26,5
17,7,1,5,1,1.54761904761905,0.360248447204969,8,2,5,2,3.8,1,27,8
21,7,1,4,1,1.38095238095238,0.316770186335404,7,2,4,2,3.4,0.882352941176471,28,10
19,6,1,4,1,1.23809523809524,0.279503105590062,6,1,2,1,0.8,0.117647058823529,29,15
10,6,1,3,1,1.07142857142857,0.236024844720497,6,1,4,1,1.2,0.235294117647059,30,19
11,6,1,3,1,1.07142857142857,0.236024844720497,6,2,4,2,3.2,0.823529411764706,31,4
15,6,1,2,1,0.904761904761905,0.192546583850932,7,2,4,2,3.4,0.882352941176471,32,20
23,6,1,2,1,0.904761904761905,0.192546583850932,7,2,4,2,3.4,0.882352941176471,33,30
37,6,1,2,1,0.904761904761905,0.192546583850932,7,1,3,1,1.2,0.235294117647059,34,34
6,4,1,3,1,0.785714285714286,0.161490683229814,4,1,3,1,0.6,0.0588235294117647,35,29
7,4,1,3,1,0.785714285714286,0.161490683229814,4,1,2,1,0.4,0,36,38
35,5,1,2,1,0.761904761904762,0.15527950310559,7,2,3,2,3.2,0.823529411764706,37,35
5,2,1,1,1,0.166666666666667,0,4,1,4,1,0.8,0.117647058823529,38,36
