"original_cluster_count","unique_cell_type_count_cleany","one_to_one_cell_type_count_cleany","score_total_cleany","score_total_scaled_cleany","unique_cell_type_count_normalized","one_to_one_cell_type_count_normalized","score_total_normalized","score_total_scaled_normalized","cleany_rank","normalized_rank"
29,6,3,1.28571428571429,0.9,2,0,0.285714285714286,0,1,2
100,7,2,1.28571428571429,0.9,7,1,1.14285714285714,1,2,9
10,4,4,1.14285714285714,0.8,2,2,0.571428571428571,0.333333333333333,3,17
16,5,3,1.14285714285714,0.8,4,3,1,0.833333333333333,4,28
24,5,3,1.14285714285714,0.8,2,1,0.428571428571429,0.166666666666667,5,4
27,4,3,1,0.7,3,1,0.571428571428571,0.333333333333333,6,27
38,5,2,1,0.7,3,1,0.571428571428571,0.333333333333333,7,37
40,5,2,1,0.7,2,1,0.428571428571429,0.166666666666667,8,12
70,6,1,1,0.7,5,3,1.14285714285714,1,9,11
13,4,2,0.857142857142857,0.6,2,1,0.428571428571429,0.166666666666667,10,3
17,4,2,0.857142857142857,0.6,3,2,0.714285714285714,0.5,11,6
25,4,2,0.857142857142857,0.6,4,2,0.857142857142857,0.666666666666667,12,7
28,5,1,0.857142857142857,0.6,3,1,0.571428571428571,0.333333333333333,13,13
36,4,2,0.857142857142857,0.6,3,1,0.571428571428571,0.333333333333333,14,14
14,3,2,0.714285714285714,0.5,3,1,0.571428571428571,0.333333333333333,15,15
22,3,2,0.714285714285714,0.5,2,0,0.285714285714286,0,16,19
26,3,2,0.714285714285714,0.5,5,3,1.14285714285714,1,17,20
32,4,1,0.714285714285714,0.5,3,0,0.428571428571429,0.166666666666667,18,21
35,3,2,0.714285714285714,0.5,3,1,0.571428571428571,0.333333333333333,19,23
39,3,2,0.714285714285714,0.5,3,1,0.571428571428571,0.333333333333333,20,29
6,2,2,0.571428571428571,0.4,2,2,0.571428571428571,0.333333333333333,21,30
7,2,2,0.571428571428571,0.4,1,1,0.285714285714286,0,22,34
8,2,2,0.571428571428571,0.4,2,2,0.571428571428571,0.333333333333333,23,36
12,2,2,0.571428571428571,0.4,2,1,0.428571428571429,0.166666666666667,24,5
15,3,1,0.571428571428571,0.4,2,1,0.428571428571429,0.166666666666667,25,8
18,3,1,0.571428571428571,0.4,2,1,0.428571428571429,0.166666666666667,26,10
20,3,1,0.571428571428571,0.4,4,3,1,0.833333333333333,27,18
23,3,1,0.571428571428571,0.4,5,3,1.14285714285714,1,28,24
34,3,1,0.571428571428571,0.4,3,1,0.571428571428571,0.333333333333333,29,25
37,3,1,0.571428571428571,0.4,3,1,0.571428571428571,0.333333333333333,30,26
9,2,1,0.428571428571429,0.3,2,1,0.428571428571429,0.166666666666667,31,31
11,2,1,0.428571428571429,0.3,1,1,0.285714285714286,0,32,33
19,2,1,0.428571428571429,0.3,2,1,0.428571428571429,0.166666666666667,33,1
21,2,0,0.285714285714286,0.2,3,1,0.571428571428571,0.333333333333333,34,16
30,2,0,0.285714285714286,0.2,2,0,0.285714285714286,0,35,22
31,2,0,0.285714285714286,0.2,3,1,0.571428571428571,0.333333333333333,36,32
33,2,0,0.285714285714286,0.2,5,2,1,0.833333333333333,37,35
5,0,0,0,0,1,1,0.285714285714286,0,38,38
