"sample_id","spot_name","ManualAnnotation"
"V12D07-075_C1","AAACGGGCGTACGGGT-1","low_lib_in_tissue"
"V12D07-075_C1","AACTTGCGTTCTCGCG-1","low_lib_in_tissue"
"V12D07-075_C1","AAGGATCGATCGCTTG-1","low_lib_in_tissue"
"V12D07-075_C1","AAGTTGTGATGTTATA-1","low_lib_in_tissue"
"V12D07-075_C1","ACGGATGGTGCGGATA-1","low_lib_in_tissue"
"V12D07-075_C1","ACTATCCAGGGCATGG-1","low_lib_in_tissue"
"V12D07-075_C1","ACTATCTGCCCGCGTA-1","low_lib_in_tissue"
"V12D07-075_C1","ACTTACGCATCCACGC-1","low_lib_in_tissue"
"V12D07-075_C1","AGAAGAGCGCCGTTCC-1","low_lib_in_tissue"
"V12D07-075_C1","AGCCTTAAAGCGGAAG-1","low_lib_in_tissue"
"V12D07-075_C1","AGCTCTTCGTAACCTT-1","low_lib_in_tissue"
"V12D07-075_C1","AGGACAGTCGAATCCC-1","low_lib_in_tissue"
"V12D07-075_C1","AGTTACCGCACATGGT-1","low_lib_in_tissue"
"V12D07-075_C1","ATAAGTAGGGCGACTC-1","low_lib_in_tissue"
"V12D07-075_C1","ATATTCCACATAGTGA-1","low_lib_in_tissue"
"V12D07-075_C1","ATCGGAGACAGACGGC-1","low_lib_in_tissue"
"V12D07-075_C1","ATTCGTGCTATCTCTT-1","low_lib_in_tissue"
"V12D07-075_C1","ATTGATAGCAACGAGA-1","low_lib_in_tissue"
"V12D07-075_C1","CAATGCGAGAAGTATC-1","low_lib_in_tissue"
"V12D07-075_C1","CACCCTAACAAGATCT-1","low_lib_in_tissue"
"V12D07-075_C1","CATCTTACACCACCTC-1","low_lib_in_tissue"
"V12D07-075_C1","CATGGGTATGCCTTAT-1","low_lib_in_tissue"
"V12D07-075_C1","CCATACCTTTACTTGT-1","low_lib_in_tissue"
"V12D07-075_C1","CCGAGAAGTCGCATAA-1","low_lib_in_tissue"
"V12D07-075_C1","CGATTCGCCTGGCTGC-1","low_lib_in_tissue"
"V12D07-075_C1","CGGTACTAGAATCAAA-1","low_lib_in_tissue"
"V12D07-075_C1","CGTAAACGCTTGAGTG-1","low_lib_in_tissue"
"V12D07-075_C1","CTGCCTAGCCACCAAG-1","low_lib_in_tissue"
"V12D07-075_C1","CTTTACCGAATAGTAG-1","low_lib_in_tissue"
"V12D07-075_C1","GACCTTCCACGTCTAC-1","low_lib_in_tissue"
"V12D07-075_C1","GACTGCGGCACGTGTA-1","low_lib_in_tissue"
"V12D07-075_C1","GAGAACGGTTCTGACT-1","low_lib_in_tissue"
"V12D07-075_C1","GAGATGGGAGTCGACA-1","low_lib_in_tissue"
"V12D07-075_C1","GAGCACCTGTGTCCAG-1","low_lib_in_tissue"
"V12D07-075_C1","GCATCGGCCGTGTAGG-1","low_lib_in_tissue"
"V12D07-075_C1","GCATGCTAATAACGAT-1","low_lib_in_tissue"
"V12D07-075_C1","GCTAGGCACCACGGAG-1","low_lib_in_tissue"
"V12D07-075_C1","GCTATACGTCTCGGAC-1","low_lib_in_tissue"
"V12D07-075_C1","GCTGCTACTGCGTAGC-1","low_lib_in_tissue"
"V12D07-075_C1","GGATGGCTTGAAGTAT-1","low_lib_in_tissue"
"V12D07-075_C1","GGCACTCAGCCGACCC-1","low_lib_in_tissue"
"V12D07-075_C1","GTCTATTGGTTCCGGT-1","low_lib_in_tissue"
"V12D07-075_C1","GTCTTGTAGCTATTCA-1","low_lib_in_tissue"
"V12D07-075_C1","GTGTATATCAGCGGGC-1","low_lib_in_tissue"
"V12D07-075_C1","GTTAAAGTAGGACTGG-1","low_lib_in_tissue"
"V12D07-075_C1","GTTAACTATGTTGTCA-1","low_lib_in_tissue"
"V12D07-075_C1","GTTCGTCTAAAGAACT-1","low_lib_in_tissue"
"V12D07-075_C1","TACAGAAACGGTGGGC-1","low_lib_in_tissue"
"V12D07-075_C1","TAGACGAAACGCCAAT-1","low_lib_in_tissue"
"V12D07-075_C1","TATCCAATTGGTTATC-1","low_lib_in_tissue"
"V12D07-075_C1","TATGATCTTCTCTTTA-1","low_lib_in_tissue"
"V12D07-075_C1","TATTCCGAGCTGTTAT-1","low_lib_in_tissue"
"V12D07-075_C1","TATTTGATTTGCACAG-1","low_lib_in_tissue"
"V12D07-075_C1","TCAGGGCGCAAACTCG-1","low_lib_in_tissue"
"V12D07-075_C1","TCCAAGCCTAGACACA-1","low_lib_in_tissue"
"V12D07-075_C1","TCCGTAACCACAATCC-1","low_lib_in_tissue"
"V12D07-075_C1","TCGCGTAGCAGTGTCC-1","low_lib_in_tissue"
"V12D07-075_C1","TCGGAATGACCATCAA-1","low_lib_in_tissue"
"V12D07-075_C1","TCGTGTACTATGGATG-1","low_lib_in_tissue"
"V12D07-075_C1","TCGTGTATTGGTCACG-1","low_lib_in_tissue"
"V12D07-075_C1","TCTCGACGTATCGCCG-1","low_lib_in_tissue"
"V12D07-075_C1","TCTTTCTCTTAAGGAG-1","low_lib_in_tissue"
"V12D07-075_C1","TTAAAGTAAGTCGCCA-1","low_lib_in_tissue"
"V12D07-075_C1","TTAGATAGGTCGATAC-1","low_lib_in_tissue"
"V12D07-075_C1","TTATTATCTGGAAGGC-1","low_lib_in_tissue"
"V12D07-075_C1","TTCAATTAGCCATAAT-1","low_lib_in_tissue"
"V12D07-075_C1","TTCCTCGGACTAACCA-1","low_lib_in_tissue"
"V12D07-075_C1","TTCCTCTGCCCGAATA-1","low_lib_in_tissue"
"V12D07-075_C1","TTCTGACCGGGCTCAA-1","low_lib_in_tissue"
"V12D07-075_C1","TTCTTGCTAGCATCTC-1","low_lib_in_tissue"
"V12D07-075_C1","TTGCTCATAGTACGTG-1","low_lib_in_tissue"
"V13B23-285_B1","AACGAAAGTCGTCCCA-1","Tissue_rolls_low_lib"
"V13B23-285_B1","AACGTTATCAGCACCT-1","Tissue_rolls_low_lib"
"V13B23-285_B1","ACATAAGTCGTGGTGA-1","Tissue_rolls_low_lib"
"V13B23-285_B1","ACCATCCGCCAACTAG-1","Tissue_rolls_low_lib"
"V13B23-285_B1","ACTCGATGTATTTCAT-1","Tissue_rolls_low_lib"
"V13B23-285_B1","ACTGCTCGGAAGGATG-1","Tissue_rolls_low_lib"
"V13B23-285_B1","ACTTGTAGTCCCTTCA-1","Tissue_rolls_low_lib"
"V13B23-285_B1","ACTTTGACTGCATCCT-1","Tissue_rolls_low_lib"
"V13B23-285_B1","AGAATAAATCTTCAGG-1","Tissue_rolls_low_lib"
"V13B23-285_B1","AGTACGGCCCGTATCG-1","Tissue_rolls_low_lib"
"V13B23-285_B1","AGTGGCTCCGTCGGCC-1","Tissue_rolls_low_lib"
"V13B23-285_B1","AGTGGTGTTACCCGTG-1","Tissue_rolls_low_lib"
"V13B23-285_B1","ATACTTGTTCTCGAGC-1","Tissue_rolls_low_lib"
"V13B23-285_B1","ATTGATCACCACATTT-1","Tissue_rolls_low_lib"
"V13B23-285_B1","CAATACGCTCTGAGGC-1","Tissue_rolls_low_lib"
"V13B23-285_B1","CACGGGATTGAGGGTT-1","Tissue_rolls_low_lib"
"V13B23-285_B1","CATTGCGAAATGGGCG-1","Tissue_rolls_low_lib"
"V13B23-285_B1","CCCGAAGTTTCGCGAA-1","Tissue_rolls_low_lib"
"V13B23-285_B1","CCGCGATTTGGTAGGT-1","Tissue_rolls_low_lib"
"V13B23-285_B1","CCGGCGTGAGACTCTG-1","Tissue_rolls_low_lib"
"V13B23-285_B1","CCTAGGTAAAGGTAGC-1","Tissue_rolls_low_lib"
"V13B23-285_B1","CCTGCCCGTTGTCTAG-1","Tissue_rolls_low_lib"
"V13B23-285_B1","CGACGCATCCGTACCT-1","Tissue_rolls_low_lib"
"V13B23-285_B1","CTGGGTTGAGTTAAAG-1","Tissue_rolls_low_lib"
"V13B23-285_B1","CTTATGCGCTCAGGGC-1","Tissue_rolls_low_lib"
"V13B23-285_B1","GAACCTCGACCTACAC-1","Tissue_rolls_low_lib"
"V13B23-285_B1","GACTCCTTCCAATTGA-1","Tissue_rolls_low_lib"
"V13B23-285_B1","GCACAACCTCGGGCGT-1","Tissue_rolls_low_lib"
"V13B23-285_B1","GCTCAACCTCTTAGAG-1","Tissue_rolls_low_lib"
"V13B23-285_B1","GTCGTACCTACGATTG-1","Tissue_rolls_low_lib"
"V13B23-285_B1","TAGAAATTCACGTATA-1","Tissue_rolls_low_lib"
"V13B23-285_B1","TAGGCGATGAGGTCTC-1","Tissue_rolls_low_lib"
"V13B23-285_B1","TATCAGTGGCGTAGTC-1","Tissue_rolls_low_lib"
"V13B23-285_B1","TATTAACACCAAAGCA-1","Tissue_rolls_low_lib"
"V13B23-285_B1","TCTAAAGAACAGTCTC-1","Tissue_rolls_low_lib"
"V13B23-285_B1","TCTAACTGTATGTAAA-1","Tissue_rolls_low_lib"
"V13B23-285_B1","TGAAGAGCGGTCCTAG-1","Tissue_rolls_low_lib"
"V13B23-285_B1","TGACAGGACAAGTCCA-1","Tissue_rolls_low_lib"
"V13B23-285_B1","TGAGGCATGTACTGTG-1","Tissue_rolls_low_lib"
"V13B23-285_B1","TGATTCAGGTCCCGCG-1","Tissue_rolls_low_lib"
"V13B23-285_B1","TGGCTCTTGTCGCGTA-1","Tissue_rolls_low_lib"
"V13B23-285_B1","TGGTAAGCAGGATTGA-1","Tissue_rolls_low_lib"
"V13B23-285_B1","TTCGCCGCTCGCGCTA-1","Tissue_rolls_low_lib"
"V13B23-285_B1","TTGAATCGTTGTATAA-1","Tissue_rolls_low_lib"
"V13B23-285_C1","AATCTCTACTGTGGTT-1","Tissue_rolls_low_lib"
"V13B23-285_C1","ACCGAAGAGTCTGGTT-1","Tissue_rolls_low_lib"
"V13B23-285_C1","ACTTGTAGTCCCTTCA-1","Tissue_rolls_low_lib"
"V13B23-285_C1","ATGCACGCGCTGTTCA-1","Tissue_rolls_low_lib"
"V13B23-285_C1","ATTATAGCTACTTTAC-1","low_lib_in_tissue"
"V13B23-285_C1","CAATACGCTCTGAGGC-1","Tissue_rolls_low_lib"
"V13B23-285_C1","CCCAGTAAACTTGGGA-1","Tissue_rolls_low_lib"
"V13B23-285_C1","CCGCCGGAACTTCTCG-1","Tissue_rolls_low_lib"
"V13B23-285_C1","CCGCGATTTGGTAGGT-1","Tissue_rolls_low_lib"
"V13B23-285_C1","CCGGCGTGAGACTCTG-1","Tissue_rolls_low_lib"
"V13B23-285_C1","CGACGCATCCGTACCT-1","Tissue_rolls_low_lib"
"V13B23-285_C1","CGATGTTGTTATCTAC-1","Tissue_rolls_low_lib"
"V13B23-285_C1","CGGCAGGGTCGGGTTG-1","low_lib_in_tissue"
"V13B23-285_C1","CGGTTATCCAACAGTG-1","low_lib_in_tissue"
"V13B23-285_C1","CTGGGTTGAGTTAAAG-1","Tissue_rolls_low_lib"
"V13B23-285_C1","GGTATAGTGACACATA-1","low_lib_in_tissue"
"V13B23-285_C1","GTCGTACCTACGATTG-1","Tissue_rolls_low_lib"
"V13B23-285_C1","GTCGTGTCTGGTCATC-1","low_lib_in_tissue"
"V13B23-285_C1","GTGACGAGGGTGACCC-1","low_lib_in_tissue"
"V13B23-285_C1","GTTGTTACATTGCGCT-1","Tissue_rolls_low_lib"
"V13B23-285_C1","TAGGCGATGAGGTCTC-1","Tissue_rolls_low_lib"
"V13B23-285_C1","TGCCGAAAGCGTATTC-1","low_lib_in_tissue"
"V13B23-285_C1","TGGCATGAAGTTTGGG-1","Tissue_rolls_low_lib"
"V13B23-285_C1","TGGCCAATTTGGTACT-1","Tissue_rolls_low_lib"
"V13B23-285_C1","TTGAATCGTTGTATAA-1","Tissue_rolls_low_lib"
"V13B23-285_C1","TTGGTATGGCTTGTGT-1","low_lib_in_tissue"
"V13B23-285_C1","TTGTGAGGCATGACGC-1","Tissue_rolls_low_lib"
