"original_cluster_count","unique_cell_type_count","one_to_one_cell_type_count","score_total","score_total_scaled"
4,4,4,2,1
5,4,4,2,1
9,4,3,1.75,0.75
10,4,3,1.75,0.75
15,4,3,1.75,0.75
16,4,3,1.75,0.75
19,4,3,1.75,0.75
28,4,3,1.75,0.75
3,3,3,1.5,0.5
6,4,2,1.5,0.5
7,4,2,1.5,0.5
8,4,2,1.5,0.5
11,4,2,1.5,0.5
24,4,2,1.5,0.5
33,4,2,1.5,0.5
40,4,2,1.5,0.5
12,4,1,1.25,0.25
13,4,1,1.25,0.25
14,4,1,1.25,0.25
17,4,1,1.25,0.25
18,4,1,1.25,0.25
20,4,1,1.25,0.25
21,4,1,1.25,0.25
23,4,1,1.25,0.25
26,4,1,1.25,0.25
27,4,1,1.25,0.25
29,4,1,1.25,0.25
31,4,1,1.25,0.25
32,4,1,1.25,0.25
35,4,1,1.25,0.25
36,4,1,1.25,0.25
37,4,1,1.25,0.25
38,4,1,1.25,0.25
22,4,0,1,0
25,4,0,1,0
30,4,0,1,0
34,4,0,1,0
39,4,0,1,0
70,4,0,1,0
100,4,0,1,0
