res,num_clusters,frac_ambig,frac_unique_non_hb,frac_unique_hb,frac_shared_hb,final_score
1.8,27,0,1,0.2,0.2,0.4666666666666666
1.6,24,0.08333333333333333,1,0.2,0.2,0.4666666666666666
4,50,0.1,1,0.2,0.2,0.4666666666666666
2,28,0.14285714285714285,1,0.2,0.2,0.4666666666666666
1,15,0.06666666666666667,0.8571428571428571,0.2,0.2,0.41904761904761906
1.9,28,0.07142857142857142,0.8571428571428571,0.2,0.2,0.41904761904761906
1.7,26,0.07692307692307693,0.8571428571428571,0.2,0.2,0.41904761904761906
1.4,21,0.09523809523809523,0.8571428571428571,0.2,0.2,0.41904761904761906
1.3,19,0.10526315789473684,0.8571428571428571,0.2,0.2,0.41904761904761906
1.1,18,0.1111111111111111,0.8571428571428571,0.2,0.2,0.41904761904761906
0.9,15,0.13333333333333333,0.8571428571428571,0.2,0.2,0.41904761904761906
1.5,23,0.17391304347826086,0.8571428571428571,0.2,0.2,0.41904761904761906
0.8,11,0.09090909090909091,0.7142857142857143,0.2,0.2,0.37142857142857144
1.2,17,0.11764705882352941,0.7142857142857143,0.2,0.2,0.37142857142857144
0.7,11,0.09090909090909091,0.5714285714285714,0.2,0.2,0.32380952380952377
0.6,10,0.1,0.5714285714285714,0.2,0.2,0.32380952380952377
0.4,9,0,0.7142857142857143,0.1,0.1,0.30476190476190473
0.2,6,0,0.5714285714285714,0.1,0.1,0.2571428571428571
0.3,6,0,0.5714285714285714,0.1,0.1,0.2571428571428571
0.1,4,0,0.42857142857142855,0.1,0.1,0.20952380952380953
0.5,9,0.2222222222222222,0.42857142857142855,0.1,0.1,0.20952380952380953
8,85,0.08235294117647059,1,0.2,0.2,0
