cluster,gene_id,gene_name,fdr,t_stat
2,ENSG00000212907,MT-ND4L,2.831243926760436e-4,5.745623036090801
2,ENSG00000198886,MT-ND4,2.831243926760436e-4,5.654103047043657
2,ENSG00000078804,TP53INP2,4.5360552643511424e-4,5.332968960260052
2,ENSG00000198888,MT-ND1,4.5360552643511424e-4,5.284712463735413
2,ENSG00000198763,MT-ND2,4.5360552643511424e-4,5.45346006591992
2,ENSG00000198804,MT-CO1,4.5360552643511424e-4,5.26441908798833
2,ENSG00000198899,MT-ATP6,4.5360552643511424e-4,5.310512701999531
2,ENSG00000198695,MT-ND6,4.5360552643511424e-4,5.320755389279452
2,ENSG00000198727,MT-CYB,4.5360552643511424e-4,5.265593031315509
2,ENSG00000198712,MT-CO2,5.804251317190665e-4,5.192729183414541
2,ENSG00000198786,MT-ND5,6.600259748315299e-4,5.128775649696922
2,ENSG00000198840,MT-ND3,0.0014340332937614868,4.949435711220934
2,ENSG00000180354,MTURN,0.0016853924852995984,4.899197167139926
2,ENSG00000211751,TRBC1,0.0027547276375712517,4.764005097353873
2,ENSG00000198938,MT-CO3,0.0027547276375712517,4.773692543708732
2,ENSG00000186818,LILRB4,0.006672205918288829,4.5284055886633245
2,ENSG00000169297,NR0B1,0.007120703151210223,4.470701678439664
2,ENSG00000130300,PLVAP,0.008283274050859168,4.415672311815329
2,ENSG00000197971,MBP,0.02304839700141828,4.098938340209179
2,ENSG00000138964,PARVG,0.025254789366960337,4.054118206256982
2,ENSG00000163694,RBM47,0.02625705220657759,4.026231788832736
2,ENSG00000160791,CCR5,0.02975037513777198,3.9817792604299482
2,ENSG00000124374,PAIP2B,0.030918442518627215,3.9661393659273694
2,ENSG00000142347,MYO1F,0.04235431921531635,3.8687027316531277
2,ENSG00000183508,TENT5C,0.04965746361543836,3.8006952860971452
2,ENSG00000271605,MILR1,0.04965746361543836,3.8022324386112265
2,ENSG00000121316,PLBD1,0.04981932204696784,3.7947708177352464
13,ENSG00000099985,OSM,3.854512788348928e-9,7.692896620411736
13,ENSG00000275302,CCL4,6.3641065075135975e-9,7.505136635992421
13,ENSG00000258227,CLEC5A,3.2447383560322445e-8,7.178412969044779
13,ENSG00000151650,VENTX,1.9247598791973576e-7,6.836161915801214
13,ENSG00000125538,IL1B,6.390646062883315e-7,6.571558506540754
13,ENSG00000038945,MSR1,6.390646062883315e-7,6.5624047467625095
13,ENSG00000110848,CD69,8.146353180130006e-7,6.4935315188841924
13,ENSG00000090104,RGS1,9.150329202653122e-7,6.42930126739137
13,ENSG00000105851,PIK3CG,9.150329202653122e-7,6.434481132976891
13,ENSG00000187912,CLEC17A,3.6245035569960993e-6,6.165659133264577
13,ENSG00000161929,SCIMP,4.1995496025758184e-06,6.121748205677607
13,ENSG00000168309,FAM107A,4.454701198774151e-6,6.09521196372435
13,ENSG00000129450,SIGLEC9,6.174260921730676e-6,6.020893740144817
13,ENSG00000137462,TLR2,9.863964475012042e-6,5.920650305857634
13,ENSG00000108405,P2RX1,9.86835525453565e-6,5.907734063652105
13,ENSG00000173391,OLR1,1.1095456148140723e-5,5.8738313672231115
13,ENSG00000172543,CTSW,1.9128536152921224e-5,5.74903968701991
13,ENSG00000182557,SPNS3,1.9128536152921224e-5,5.750749854464091
13,ENSG00000104972,LILRB1,2.0477621059675036e-5,5.725800020578827
13,ENSG00000143226,FCGR2A,2.0602378118776765e-5,5.710438462600277
13,ENSG00000163823,CCR1,2.0602378118776765e-5,5.685795279324214
13,ENSG00000186074,CD300LF,2.0602378118776765e-5,5.685579753307101
13,ENSG00000133246,PRAM1,2.0602378118776765e-5,5.694005658302049
13,ENSG00000096996,IL12RB1,2.0602378118776765e-5,5.680022301411203
13,ENSG00000172578,KLHL6,2.0922636149458805e-5,5.6677352675158845
13,ENSG00000015285,WAS,2.0922636149458805e-5,5.661713728596217
13,ENSG00000086730,LAT2,2.2058840483993524e-5,5.644294196344082
13,ENSG00000015413,DPEP1,2.6823672189643334e-5,5.599529486496088
13,ENSG00000131042,LILRB2,2.852018523887969e-5,5.574261485750213
13,ENSG00000239998,LILRA2,2.852018523887969e-5,5.575451726242642
13,ENSG00000100368,CSF2RB,2.906577743124673e-5,5.564206239406847
13,ENSG00000131095,GFAP,3.567888003733158e-5,5.50771178850404
13,ENSG00000105122,RASAL3,3.567888003733158e-5,5.506151164775261
13,ENSG00000042980,ADAM28,3.837111784524149e-5,5.4861856624113425
13,ENSG00000169604,ANTXR1,4.0381657857171385e-5,5.454816927930642
13,ENSG00000171860,C3AR1,4.0381657857171385e-5,5.457707116967311
13,ENSG00000132613,MTSS2,4.0381657857171385e-5,5.468562757537176
13,ENSG00000198223,CSF2RA,4.0381657857171385e-5,5.4551317618871265
13,ENSG00000075884,ARHGAP15,4.365876483107503e-5,5.429503988650745
13,ENSG00000019582,CD74,4.365876483107503e-5,5.4305473187837485
13,ENSG00000159618,ADGRG5,4.4638244504131455e-5,5.420332029602269
13,ENSG00000161911,TREML1,4.539095907304206e-5,5.412345996855266
13,ENSG00000121895,TMEM156,4.68487199123752e-5,5.3980789990063505
13,ENSG00000105697,HAMP,4.68487199123752e-5,5.397030225813931
13,ENSG00000137331,IER3,4.7612214439411165e-5,5.387634641352744
13,ENSG00000172243,CLEC7A,4.7612214439411165e-5,5.380055620549695
13,ENSG00000167208,SNX20,4.7612214439411165e-5,5.382894661537053
13,ENSG00000245848,CEBPA,4.7612214439411165e-5,5.376846004473395
13,ENSG00000167851,CD300A,4.988036342068868e-5,5.36351988315783
13,ENSG00000122122,SASH3,5.009973645784233e-5,5.35868356165605
14,ENSG00000075891,PAX2,3.4552065890067057e-25,12.716944787125431
14,ENSG00000135406,PRPH,1.8012224409589552e-14,9.39509528712797
14,ENSG00000186529,CYP4F3,5.829832142994551e-13,8.844375963820857
14,ENSG00000186204,CYP4F12,5.21731590454107e-12,8.483175794313528
14,ENSG00000134595,SOX3,1.5165645550507236e-11,8.291839535830126
14,ENSG00000006016,CRLF1,2.4477463241129092e-11,8.192836334317398
14,ENSG00000178602,OTOS,2.2356195039757136e-10,7.830702492464173
14,ENSG00000104055,TGM5,2.2356195039757136e-10,7.811989497336093
14,ENSG00000179930,ZNF648,2.810349325169087e-9,7.378905349768268
14,ENSG00000198732,SMOC1,3.2866758417915695e-9,7.338517497653696
14,ENSG00000110887,DAO,3.4242697889398344e-9,7.317935438241985
14,ENSG00000205358,MT1H,3.9872510214630855e-9,7.280501759776184
14,ENSG00000169436,COL22A1,5.655192052396936e-9,7.211913608594498
14,ENSG00000079931,MOXD1,5.938285491032712e-9,7.192758153080898
14,ENSG00000164946,FREM1,7.002020129050386e-9,7.155386974958544
14,ENSG00000135697,BCO1,9.302320144696786e-9,7.098975360167456
14,ENSG00000120885,CLU,1.2539134118153205e-8,7.036955572696927
14,ENSG00000030304,MUSK,1.2539134118153205e-8,7.031524063355607
14,ENSG00000111676,ATN1,1.258841492594845e-8,7.01885427418312
14,ENSG00000160111,CPAMD8,1.258841492594845e-8,7.006642950066859
14,ENSG00000138798,EGF,2.3781952838347593e-8,6.887115933183368
14,ENSG00000166183,ASPG,2.3781952838347593e-8,6.886288364788788
14,ENSG00000101439,CST3,2.637769677246324e-8,6.862087201144696
14,ENSG00000136944,LMX1B,2.9954284186200966e-8,6.8341353738249495
14,ENSG00000188488,SERPINA5,3.236841788368332e-8,6.8147278058718
14,ENSG00000158428,CATIP,3.4126178039290955e-8,6.799673427802613
14,ENSG00000164746,C7orf57,3.786037873803922e-8,6.776194269836604
14,ENSG00000120149,MSX2,3.874353671536597e-8,6.7665523400643774
14,ENSG00000197057,DTHD1,4.566917082359177e-8,6.731220298482703
14,ENSG00000163734,CXCL3,4.566917082359177e-8,6.727695399573259
14,ENSG00000185860,CCDC190,5.5356641530153004e-8,6.689685852095349
14,ENSG00000164764,SBSPON,6.298887735334076e-8,6.662510827344311
14,ENSG00000147145,LPAR4,7.033901256650541e-8,6.638633553238863
14,ENSG00000113083,LOX,7.544161036929196e-8,6.621772350783693
14,ENSG00000106018,VIPR2,9.657581833940817e-8,6.569902269861926
14,ENSG00000157330,CFAP107,1.0524084787913929e-7,6.533632520323547
14,ENSG00000187889,FYB2,1.0524084787913929e-7,6.549088052150198
14,ENSG00000205835,GMNC,1.0524084787913929e-7,6.535386660359377
14,ENSG00000170390,DCLK2,1.0524084787913929e-7,6.541061541845291
14,ENSG00000095637,SORBS1,1.0524084787913929e-7,6.537432974933732
14,ENSG00000196754,S100A2,1.1807691424803492e-7,6.505422988912915
14,ENSG00000253159,PCDHGA12,1.1807691424803492e-7,6.501925545517869
14,ENSG00000069696,DRD4,1.1807691424803492e-7,6.503623720095003
14,ENSG00000103811,CTSH,1.1935574241305624e-7,6.492641115585234
14,ENSG00000161714,PLCD3,1.1935574241305624e-7,6.494555574453233
14,ENSG00000168056,LTBP3,1.199200308733951e-7,6.488227238909461
14,ENSG00000189350,TOGARAM2,1.680022194362246e-7,6.422274613358919
14,ENSG00000116729,WLS,1.691884105554605e-7,6.41763115688197
14,ENSG00000171812,COL8A2,1.9077927049558968e-7,6.3931672776657615
14,ENSG00000114853,ZBTB47,2.033509503667459e-7,6.375891482225303
16,ENSG00000130957,FBP2,4.822184113146107e-9,6.237544865184148
16,ENSG00000186081,KRT5,1.1925376408850541e-6,5.120376213209928
16,ENSG00000179023,KLHDC7A,3.640812440223924e-6,4.872054777078978
16,ENSG00000118271,TTR,7.438164358269649e-5,4.145726673915223
16,ENSG00000083067,TRPM3,8.163960646205093e-5,4.121758686469266
16,ENSG00000169435,RASSF6,1.0111782072576135e-4,4.065964302380995
16,ENSG00000104267,CA2,1.1558536909554223e-4,4.030911192715586
16,ENSG00000165376,CLDN2,1.5578499958806947e-4,3.951841278313457
16,ENSG00000136542,GALNT5,1.7231342384469478e-4,3.92505404939963
16,ENSG00000167757,KLK11,3.2461499644104906e-4,3.7520926187125525
16,ENSG00000171864,PRND,0.00036040833059461554,3.72313883746328
16,ENSG00000149452,SLC22A8,3.608844028191169e-4,3.722760184895172
16,ENSG00000107165,TYRP1,9.963441174960079e-4,3.429898724344115
16,ENSG00000120498,TEX11,0.0010358110491159856,3.4182203995064158
16,ENSG00000156970,BUB1B,0.0013501595125382047,3.3375884042232333
16,ENSG00000165588,OTX2,0.0019498402395519692,3.2234189651697474
16,ENSG00000180815,MAP3K15,0.0022631856732792154,3.17629945159602
16,ENSG00000211445,GPX3,0.0027130294887522735,3.118739568165652
16,ENSG00000122223,CD244,0.003224706279497604,3.0630215732302783
16,ENSG00000183671,CMKLR2,0.0039272658284667025,2.9982720041645035
16,ENSG00000115474,KCNJ13,0.004725728574444217,2.9363509951925226
16,ENSG00000186191,BPIFB4,0.004762486775799265,2.9337500169148027
16,ENSG00000099937,SERPIND1,0.005909496909996444,2.859975423078767
16,ENSG00000111199,TRPV4,0.006076275004530245,2.8499391409291683
16,ENSG00000111863,ADTRP,0.0062216797229304776,2.841759450077779
16,ENSG00000235718,MFRP,0.007494664608743788,2.7765329856204466
16,ENSG00000105641,SLC5A5,0.00795785097067557,2.7556260590200217
16,ENSG00000198223,CSF2RA,0.008292832894275976,2.7409046014683205
16,ENSG00000173391,OLR1,0.008706643155129357,2.7236506457214618
16,ENSG00000158104,HPD,0.008753359303125121,2.721711545749443
16,ENSG00000165105,RASEF,0.009475937966073386,2.6933622093311094
16,ENSG00000172243,CLEC7A,0.010041035716437748,2.672525518178139
16,ENSG00000211899,IGHM,0.010179069384457957,2.6676239075957793
16,ENSG00000180383,DEFB124,0.012506674268075937,2.5922124239883666
16,ENSG00000162761,LMX1A,0.014408233979934376,2.5394583795882943
16,ENSG00000164972,C9orf24,0.01442162563075154,2.5390941840445524
16,ENSG00000115112,TFCP2L1,0.015642680085415,2.5083544767091004
16,ENSG00000111319,SCNN1A,0.01621856414639589,2.4945239576468117
16,ENSG00000174788,PCP2,0.019896535942267538,2.415492667852602
16,ENSG00000271383,NBPF19,0.020234680191966958,2.408765096384152
16,ENSG00000147889,CDKN2A,0.02172680082175754,2.3808543273104092
16,ENSG00000164251,F2RL1,0.026389224650235715,2.303406486895191
16,ENSG00000187553,CYP26C1,0.02894951699500967,2.2661163039900236
16,ENSG00000164707,SLC13A4,0.029694167242236547,2.2556197625867216
16,ENSG00000276231,PIK3R6,0.03236164632723702,2.2201175434539002
16,ENSG00000104894,CD37,0.034176807376020656,2.197327071115727
16,ENSG00000118526,TCF21,0.037251408480687136,2.161386624470401
16,ENSG00000226887,ERVMER34-1,0.03882726476691172,2.143800799538591
16,ENSG00000123892,RAB38,0.03885076731930718,2.1435207456965095
16,ENSG00000140678,ITGAX,0.039619634203414356,2.1351955471717288
