cluster,broad_cell_type,fine_cell_type
1,OPC,OPC
2,Endo/microglia,Endo/microglia
3,Oligo,Oligo
4,Oligo,Oligo
5,LHb,LHb.4/Inhib_LHb_4.2
6,Astrocyte,Astrocyte
7,LHb,LHb.4
8,MHb,MHb.1
9,LHb,Inhib_LHb_4.2
10,Oligo,Oligo
11,Astrocyte,Astrocyte
12,Ependymal,Ependymal
13,Subependymal,Subependymal
14,Subependymal,Subependymal
15,MHb,MHb.2
16,Drop,Drop
17,Endo,Endo
18,Astrocyte,Astrocyte
19,LHb,LHb.2.7
20,Excit.Thal,Excit.Thal
21,Endo,Endo
22,Endo,Endo
23,LHb,Excit_LHb
24,Ependymal,Ependymal
25,LHb,LHb.4
26,Endo,Endo
27,Oligo,Oligo
