k,num_clusters,frac_ambig,frac_unique_non_hb,frac_unique_hb,frac_shared_hb,final_score
23,23,0.2608695652173913,0.8571428571428571,0.1,0.3,0.41904761904761906
20,20,0.4,0.8571428571428571,0.1,0.3,0.41904761904761906
21,21,0.42857142857142855,0.8571428571428571,0.1,0.3,0.41904761904761906
14,14,0.2857142857142857,0.7142857142857143,0.1,0.3,0.37142857142857144
16,16,0.3125,0.7142857142857143,0.1,0.3,0.37142857142857144
15,15,0.4666666666666667,0.7142857142857143,0.1,0.3,0.37142857142857144
13,13,0.38461538461538464,0.8571428571428571,0,0.2,0.3523809523809524
17,17,0.5882352941176471,0.8571428571428571,0.1,0.1,0.3523809523809524
12,12,0.25,0.7142857142857143,0,0.2,0.3047619047619048
18,18,0.5,0.7142857142857143,0,0.2,0.3047619047619048
19,19,0.5263157894736842,0.7142857142857143,0,0.2,0.3047619047619048
11,11,0.18181818181818182,0.7142857142857143,0.1,0.1,0.30476190476190473
6,6,0,0.5714285714285714,0.1,0.1,0.2571428571428571
7,7,0.14285714285714285,0.5714285714285714,0.1,0.1,0.2571428571428571
9,9,0.2222222222222222,0.5714285714285714,0.1,0.1,0.2571428571428571
8,8,0.25,0.5714285714285714,0.1,0.1,0.2571428571428571
4,4,0,0.42857142857142855,0.1,0.1,0.20952380952380953
5,5,0.2,0.42857142857142855,0.1,0.1,0.20952380952380953
30,30,0.4,0.8571428571428571,0.2,0.4,0
25,25,0.44,0.7142857142857143,0.1,0.3,0
24,24,0.4583333333333333,0.8571428571428571,0.1,0.3,0
34,34,0.47058823529411764,0.7142857142857143,0.2,0.4,0
27,27,0.48148148148148145,0.8571428571428571,0.1,0.4,0
22,22,0.5,0.7142857142857143,0.1,0.3,0
40,40,0.55,0.8571428571428571,0.2,0.4,0
28,28,0.5714285714285714,0.8571428571428571,0.1,0.3,0
35,35,0.5714285714285714,0.8571428571428571,0.1,0.3,0
38,38,0.5789473684210527,0.8571428571428571,0.1,0.3,0
29,29,0.5862068965517241,0.8571428571428571,0.1,0.3,0
32,32,0.59375,0.8571428571428571,0.1,0.3,0
37,37,0.5945945945945946,0.8571428571428571,0.1,0.3,0
33,33,0.6060606060606061,0.7142857142857143,0.1,0.3,0
31,31,0.6129032258064516,0.7142857142857143,0.1,0.3,0
36,36,0.6388888888888888,0.8571428571428571,0.1,0.3,0
26,26,0.6538461538461539,0.5714285714285714,0,0.2,0
39,39,0.717948717948718,0.7142857142857143,0.1,0.3,0
70,70,0.7857142857142857,0.7142857142857143,0.1,0.3,0
100,100,0.82,0.7142857142857143,0.1,0.3,0
3,3,0,0.42857142857142855,0,NA,NA
10,10,0.4,0.5714285714285714,0,NA,NA
