term_id,term_description,gene_id,DE_higher_in,p.adjust
GO:0015849,organic acid transport,ENSG00000132164,LHb,1.1260249673412946e-4
GO:0015849,organic acid transport,ENSG00000164638,LHb,1.1260249673412946e-4
GO:0015849,organic acid transport,ENSG00000182902,LHb,1.1260249673412946e-4
GO:0015849,organic acid transport,ENSG00000148053,LHb,1.1260249673412946e-4
GO:0015849,organic acid transport,ENSG00000196517,LHb,1.1260249673412946e-4
GO:0015849,organic acid transport,ENSG00000157103,LHb,1.1260249673412946e-4
GO:0015849,organic acid transport,ENSG00000076555,LHb,1.1260249673412946e-4
GO:0015849,organic acid transport,ENSG00000152661,LHb,1.1260249673412946e-4
GO:0015849,organic acid transport,ENSG00000079215,LHb,1.1260249673412946e-4
GO:0015849,organic acid transport,ENSG00000167614,LHb,1.1260249673412946e-4
GO:0015849,organic acid transport,ENSG00000110436,LHb,1.1260249673412946e-4
GO:0015849,organic acid transport,ENSG00000018625,LHb,1.1260249673412946e-4
GO:0015849,organic acid transport,ENSG00000130876,LHb,1.1260249673412946e-4
GO:0015849,organic acid transport,ENSG00000147588,LHb,1.1260249673412946e-4
GO:0006865,amino acid transport,ENSG00000132164,LHb,1.459665148081587e-4
GO:0006865,amino acid transport,ENSG00000182902,LHb,1.459665148081587e-4
GO:0006865,amino acid transport,ENSG00000148053,LHb,1.459665148081587e-4
GO:0006865,amino acid transport,ENSG00000196517,LHb,1.459665148081587e-4
GO:0006865,amino acid transport,ENSG00000157103,LHb,1.459665148081587e-4
GO:0006865,amino acid transport,ENSG00000152661,LHb,1.459665148081587e-4
GO:0006865,amino acid transport,ENSG00000079215,LHb,1.459665148081587e-4
GO:0006865,amino acid transport,ENSG00000167614,LHb,1.459665148081587e-4
GO:0006865,amino acid transport,ENSG00000110436,LHb,1.459665148081587e-4
GO:0006865,amino acid transport,ENSG00000018625,LHb,1.459665148081587e-4
GO:0006865,amino acid transport,ENSG00000130876,LHb,1.459665148081587e-4
GO:0015711,organic anion transport,ENSG00000132164,LHb,1.8304911714282164e-4
GO:0015711,organic anion transport,ENSG00000182902,LHb,1.8304911714282164e-4
GO:0015711,organic anion transport,ENSG00000008394,LHb,1.8304911714282164e-4
GO:0015711,organic anion transport,ENSG00000148053,LHb,1.8304911714282164e-4
GO:0015711,organic anion transport,ENSG00000196517,LHb,1.8304911714282164e-4
GO:0015711,organic anion transport,ENSG00000157103,LHb,1.8304911714282164e-4
GO:0015711,organic anion transport,ENSG00000076555,LHb,1.8304911714282164e-4
GO:0015711,organic anion transport,ENSG00000152661,LHb,1.8304911714282164e-4
GO:0015711,organic anion transport,ENSG00000079215,LHb,1.8304911714282164e-4
GO:0015711,organic anion transport,ENSG00000167614,LHb,1.8304911714282164e-4
GO:0015711,organic anion transport,ENSG00000110436,LHb,1.8304911714282164e-4
GO:0015711,organic anion transport,ENSG00000018625,LHb,1.8304911714282164e-4
GO:0015711,organic anion transport,ENSG00000130876,LHb,1.8304911714282164e-4
GO:0015711,organic anion transport,ENSG00000147588,LHb,1.8304911714282164e-4
GO:0046942,carboxylic acid transport,ENSG00000132164,LHb,1.8304911714282164e-4
GO:0046942,carboxylic acid transport,ENSG00000182902,LHb,1.8304911714282164e-4
GO:0046942,carboxylic acid transport,ENSG00000148053,LHb,1.8304911714282164e-4
GO:0046942,carboxylic acid transport,ENSG00000196517,LHb,1.8304911714282164e-4
GO:0046942,carboxylic acid transport,ENSG00000157103,LHb,1.8304911714282164e-4
GO:0046942,carboxylic acid transport,ENSG00000076555,LHb,1.8304911714282164e-4
GO:0046942,carboxylic acid transport,ENSG00000152661,LHb,1.8304911714282164e-4
GO:0046942,carboxylic acid transport,ENSG00000079215,LHb,1.8304911714282164e-4
GO:0046942,carboxylic acid transport,ENSG00000167614,LHb,1.8304911714282164e-4
GO:0046942,carboxylic acid transport,ENSG00000110436,LHb,1.8304911714282164e-4
GO:0046942,carboxylic acid transport,ENSG00000018625,LHb,1.8304911714282164e-4
GO:0046942,carboxylic acid transport,ENSG00000130876,LHb,1.8304911714282164e-4
GO:0046942,carboxylic acid transport,ENSG00000147588,LHb,1.8304911714282164e-4
GO:1903825,organic acid transmembrane transport,ENSG00000132164,LHb,2.2319703647198628e-4
GO:1903825,organic acid transmembrane transport,ENSG00000164638,LHb,2.2319703647198628e-4
GO:1903825,organic acid transmembrane transport,ENSG00000182902,LHb,2.2319703647198628e-4
GO:1903825,organic acid transmembrane transport,ENSG00000196517,LHb,2.2319703647198628e-4
GO:1903825,organic acid transmembrane transport,ENSG00000076555,LHb,2.2319703647198628e-4
GO:1903825,organic acid transmembrane transport,ENSG00000079215,LHb,2.2319703647198628e-4
GO:1903825,organic acid transmembrane transport,ENSG00000167614,LHb,2.2319703647198628e-4
GO:1903825,organic acid transmembrane transport,ENSG00000110436,LHb,2.2319703647198628e-4
GO:1903825,organic acid transmembrane transport,ENSG00000018625,LHb,2.2319703647198628e-4
GO:1903825,organic acid transmembrane transport,ENSG00000130876,LHb,2.2319703647198628e-4
GO:0003333,amino acid transmembrane transport,ENSG00000132164,LHb,4.073558423041481e-4
GO:0003333,amino acid transmembrane transport,ENSG00000182902,LHb,4.073558423041481e-4
GO:0003333,amino acid transmembrane transport,ENSG00000196517,LHb,4.073558423041481e-4
GO:0003333,amino acid transmembrane transport,ENSG00000079215,LHb,4.073558423041481e-4
GO:0003333,amino acid transmembrane transport,ENSG00000167614,LHb,4.073558423041481e-4
GO:0003333,amino acid transmembrane transport,ENSG00000110436,LHb,4.073558423041481e-4
GO:0003333,amino acid transmembrane transport,ENSG00000018625,LHb,4.073558423041481e-4
GO:0003333,amino acid transmembrane transport,ENSG00000130876,LHb,4.073558423041481e-4
GO:0015800,acidic amino acid transport,ENSG00000182902,LHb,4.073558423041481e-4
GO:0015800,acidic amino acid transport,ENSG00000148053,LHb,4.073558423041481e-4
GO:0015800,acidic amino acid transport,ENSG00000157103,LHb,4.073558423041481e-4
GO:0015800,acidic amino acid transport,ENSG00000152661,LHb,4.073558423041481e-4
GO:0015800,acidic amino acid transport,ENSG00000079215,LHb,4.073558423041481e-4
GO:0015800,acidic amino acid transport,ENSG00000167614,LHb,4.073558423041481e-4
GO:0015800,acidic amino acid transport,ENSG00000110436,LHb,4.073558423041481e-4
GO:0015800,acidic amino acid transport,ENSG00000018625,LHb,4.073558423041481e-4
GO:0030001,metal ion transport,ENSG00000132164,LHb,0.0012749679326425306
GO:0030001,metal ion transport,ENSG00000168710,LHb,0.0012749679326425306
GO:0030001,metal ion transport,ENSG00000196517,LHb,0.0012749679326425306
GO:0030001,metal ion transport,ENSG00000157103,LHb,0.0012749679326425306
GO:0030001,metal ion transport,ENSG00000135919,LHb,0.0012749679326425306
GO:0030001,metal ion transport,ENSG00000136160,LHb,0.0012749679326425306
GO:0030001,metal ion transport,ENSG00000012223,LHb,0.0012749679326425306
GO:0030001,metal ion transport,ENSG00000129244,LHb,0.0012749679326425306
GO:0030001,metal ion transport,ENSG00000079215,LHb,0.0012749679326425306
GO:0030001,metal ion transport,ENSG00000124067,LHb,0.0012749679326425306
GO:0030001,metal ion transport,ENSG00000132329,LHb,0.0012749679326425306
GO:0030001,metal ion transport,ENSG00000167614,LHb,0.0012749679326425306
GO:0030001,metal ion transport,ENSG00000018625,LHb,0.0012749679326425306
GO:0030001,metal ion transport,ENSG00000107736,LHb,0.0012749679326425306
GO:0030001,metal ion transport,ENSG00000018236,LHb,0.0012749679326425306
GO:0030001,metal ion transport,ENSG00000067191,LHb,0.0012749679326425306
GO:0030001,metal ion transport,ENSG00000184588,LHb,0.0012749679326425306
GO:0030001,metal ion transport,ENSG00000143603,LHb,0.0012749679326425306
GO:0030001,metal ion transport,ENSG00000148660,LHb,0.0012749679326425306
GO:0006811,monoatomic ion transport,ENSG00000132164,LHb,0.0015775356708534875
GO:0006811,monoatomic ion transport,ENSG00000164638,LHb,0.0015775356708534875
GO:0006811,monoatomic ion transport,ENSG00000182902,LHb,0.0015775356708534875
GO:0006811,monoatomic ion transport,ENSG00000168710,LHb,0.0015775356708534875
GO:0006811,monoatomic ion transport,ENSG00000196517,LHb,0.0015775356708534875
GO:0006811,monoatomic ion transport,ENSG00000157103,LHb,0.0015775356708534875
GO:0006811,monoatomic ion transport,ENSG00000135919,LHb,0.0015775356708534875
GO:0006811,monoatomic ion transport,ENSG00000136160,LHb,0.0015775356708534875
GO:0006811,monoatomic ion transport,ENSG00000152661,LHb,0.0015775356708534875
GO:0006811,monoatomic ion transport,ENSG00000012223,LHb,0.0015775356708534875
GO:0006811,monoatomic ion transport,ENSG00000129244,LHb,0.0015775356708534875
GO:0006811,monoatomic ion transport,ENSG00000079215,LHb,0.0015775356708534875
GO:0006811,monoatomic ion transport,ENSG00000124067,LHb,0.0015775356708534875
GO:0006811,monoatomic ion transport,ENSG00000132329,LHb,0.0015775356708534875
GO:0006811,monoatomic ion transport,ENSG00000167614,LHb,0.0015775356708534875
GO:0006811,monoatomic ion transport,ENSG00000110436,LHb,0.0015775356708534875
GO:0006811,monoatomic ion transport,ENSG00000018625,LHb,0.0015775356708534875
GO:0006811,monoatomic ion transport,ENSG00000107736,LHb,0.0015775356708534875
GO:0006811,monoatomic ion transport,ENSG00000018236,LHb,0.0015775356708534875
GO:0006811,monoatomic ion transport,ENSG00000067191,LHb,0.0015775356708534875
GO:0006811,monoatomic ion transport,ENSG00000184588,LHb,0.0015775356708534875
GO:0006811,monoatomic ion transport,ENSG00000127249,LHb,0.0015775356708534875
GO:0006811,monoatomic ion transport,ENSG00000143603,LHb,0.0015775356708534875
GO:0006811,monoatomic ion transport,ENSG00000148660,LHb,0.0015775356708534875
GO:0006812,monoatomic cation transport,ENSG00000132164,LHb,0.0015775356708534875
GO:0006812,monoatomic cation transport,ENSG00000164638,LHb,0.0015775356708534875
GO:0006812,monoatomic cation transport,ENSG00000182902,LHb,0.0015775356708534875
GO:0006812,monoatomic cation transport,ENSG00000168710,LHb,0.0015775356708534875
GO:0006812,monoatomic cation transport,ENSG00000196517,LHb,0.0015775356708534875
GO:0006812,monoatomic cation transport,ENSG00000157103,LHb,0.0015775356708534875
GO:0006812,monoatomic cation transport,ENSG00000135919,LHb,0.0015775356708534875
GO:0006812,monoatomic cation transport,ENSG00000136160,LHb,0.0015775356708534875
GO:0006812,monoatomic cation transport,ENSG00000012223,LHb,0.0015775356708534875
GO:0006812,monoatomic cation transport,ENSG00000129244,LHb,0.0015775356708534875
GO:0006812,monoatomic cation transport,ENSG00000079215,LHb,0.0015775356708534875
GO:0006812,monoatomic cation transport,ENSG00000124067,LHb,0.0015775356708534875
GO:0006812,monoatomic cation transport,ENSG00000132329,LHb,0.0015775356708534875
GO:0006812,monoatomic cation transport,ENSG00000167614,LHb,0.0015775356708534875
GO:0006812,monoatomic cation transport,ENSG00000018625,LHb,0.0015775356708534875
GO:0006812,monoatomic cation transport,ENSG00000107736,LHb,0.0015775356708534875
GO:0006812,monoatomic cation transport,ENSG00000018236,LHb,0.0015775356708534875
GO:0006812,monoatomic cation transport,ENSG00000067191,LHb,0.0015775356708534875
GO:0006812,monoatomic cation transport,ENSG00000184588,LHb,0.0015775356708534875
GO:0006812,monoatomic cation transport,ENSG00000127249,LHb,0.0015775356708534875
GO:0006812,monoatomic cation transport,ENSG00000143603,LHb,0.0015775356708534875
GO:0006812,monoatomic cation transport,ENSG00000148660,LHb,0.0015775356708534875
GO:0001504,neurotransmitter uptake,ENSG00000132164,LHb,0.0015775356708534875
GO:0001504,neurotransmitter uptake,ENSG00000164638,LHb,0.0015775356708534875
GO:0001504,neurotransmitter uptake,ENSG00000157103,LHb,0.0015775356708534875
GO:0001504,neurotransmitter uptake,ENSG00000079215,LHb,0.0015775356708534875
GO:0001504,neurotransmitter uptake,ENSG00000110436,LHb,0.0015775356708534875
GO:0001504,neurotransmitter uptake,ENSG00000018625,LHb,0.0015775356708534875
GO:0006814,sodium ion transport,ENSG00000132164,LHb,0.004204091676605742
GO:0006814,sodium ion transport,ENSG00000168710,LHb,0.004204091676605742
GO:0006814,sodium ion transport,ENSG00000196517,LHb,0.004204091676605742
GO:0006814,sodium ion transport,ENSG00000157103,LHb,0.004204091676605742
GO:0006814,sodium ion transport,ENSG00000135919,LHb,0.004204091676605742
GO:0006814,sodium ion transport,ENSG00000136160,LHb,0.004204091676605742
GO:0006814,sodium ion transport,ENSG00000129244,LHb,0.004204091676605742
GO:0006814,sodium ion transport,ENSG00000018625,LHb,0.004204091676605742
GO:0006814,sodium ion transport,ENSG00000018236,LHb,0.004204091676605742
GO:0010232,vascular transport,ENSG00000164638,LHb,0.004204091676605742
GO:0010232,vascular transport,ENSG00000196517,LHb,0.004204091676605742
GO:0010232,vascular transport,ENSG00000157103,LHb,0.004204091676605742
GO:0010232,vascular transport,ENSG00000129244,LHb,0.004204091676605742
GO:0010232,vascular transport,ENSG00000079215,LHb,0.004204091676605742
GO:0010232,vascular transport,ENSG00000110436,LHb,0.004204091676605742
GO:0010232,vascular transport,ENSG00000018625,LHb,0.004204091676605742
GO:0150104,transport across blood-brain barrier,ENSG00000164638,LHb,0.004204091676605742
GO:0150104,transport across blood-brain barrier,ENSG00000196517,LHb,0.004204091676605742
GO:0150104,transport across blood-brain barrier,ENSG00000157103,LHb,0.004204091676605742
GO:0150104,transport across blood-brain barrier,ENSG00000129244,LHb,0.004204091676605742
GO:0150104,transport across blood-brain barrier,ENSG00000079215,LHb,0.004204091676605742
GO:0150104,transport across blood-brain barrier,ENSG00000110436,LHb,0.004204091676605742
GO:0150104,transport across blood-brain barrier,ENSG00000018625,LHb,0.004204091676605742
GO:1905039,carboxylic acid transmembrane transport,ENSG00000182902,LHb,0.004204091676605742
GO:1905039,carboxylic acid transmembrane transport,ENSG00000196517,LHb,0.004204091676605742
GO:1905039,carboxylic acid transmembrane transport,ENSG00000076555,LHb,0.004204091676605742
GO:1905039,carboxylic acid transmembrane transport,ENSG00000079215,LHb,0.004204091676605742
GO:1905039,carboxylic acid transmembrane transport,ENSG00000167614,LHb,0.004204091676605742
GO:1905039,carboxylic acid transmembrane transport,ENSG00000110436,LHb,0.004204091676605742
GO:1905039,carboxylic acid transmembrane transport,ENSG00000018625,LHb,0.004204091676605742
GO:1905039,carboxylic acid transmembrane transport,ENSG00000130876,LHb,0.004204091676605742
GO:0006835,dicarboxylic acid transport,ENSG00000182902,LHb,0.00489904643003228
GO:0006835,dicarboxylic acid transport,ENSG00000148053,LHb,0.00489904643003228
GO:0006835,dicarboxylic acid transport,ENSG00000152661,LHb,0.00489904643003228
GO:0006835,dicarboxylic acid transport,ENSG00000079215,LHb,0.00489904643003228
GO:0006835,dicarboxylic acid transport,ENSG00000167614,LHb,0.00489904643003228
GO:0006835,dicarboxylic acid transport,ENSG00000110436,LHb,0.00489904643003228
GO:0006835,dicarboxylic acid transport,ENSG00000018625,LHb,0.00489904643003228
GO:0015813,L-glutamate transmembrane transport,ENSG00000182902,LHb,0.005257848543225555
GO:0015813,L-glutamate transmembrane transport,ENSG00000079215,LHb,0.005257848543225555
GO:0015813,L-glutamate transmembrane transport,ENSG00000167614,LHb,0.005257848543225555
GO:0015813,L-glutamate transmembrane transport,ENSG00000110436,LHb,0.005257848543225555
GO:0015813,L-glutamate transmembrane transport,ENSG00000018625,LHb,0.005257848543225555
GO:1902475,L-alpha-amino acid transmembrane transport,ENSG00000182902,LHb,0.0056667753981024796
GO:1902475,L-alpha-amino acid transmembrane transport,ENSG00000079215,LHb,0.0056667753981024796
GO:1902475,L-alpha-amino acid transmembrane transport,ENSG00000167614,LHb,0.0056667753981024796
GO:1902475,L-alpha-amino acid transmembrane transport,ENSG00000110436,LHb,0.0056667753981024796
GO:1902475,L-alpha-amino acid transmembrane transport,ENSG00000018625,LHb,0.0056667753981024796
GO:1902475,L-alpha-amino acid transmembrane transport,ENSG00000130876,LHb,0.0056667753981024796
GO:0055085,transmembrane transport,ENSG00000132164,LHb,0.006620393580380566
GO:0055085,transmembrane transport,ENSG00000164638,LHb,0.006620393580380566
GO:0055085,transmembrane transport,ENSG00000182902,LHb,0.006620393580380566
GO:0055085,transmembrane transport,ENSG00000145832,LHb,0.006620393580380566
GO:0055085,transmembrane transport,ENSG00000168710,LHb,0.006620393580380566
GO:0055085,transmembrane transport,ENSG00000196517,LHb,0.006620393580380566
GO:0055085,transmembrane transport,ENSG00000157103,LHb,0.006620393580380566
GO:0055085,transmembrane transport,ENSG00000076555,LHb,0.006620393580380566
GO:0055085,transmembrane transport,ENSG00000136160,LHb,0.006620393580380566
GO:0055085,transmembrane transport,ENSG00000152661,LHb,0.006620393580380566
GO:0055085,transmembrane transport,ENSG00000171885,LHb,0.006620393580380566
GO:0055085,transmembrane transport,ENSG00000129244,LHb,0.006620393580380566
GO:0055085,transmembrane transport,ENSG00000079215,LHb,0.006620393580380566
GO:0055085,transmembrane transport,ENSG00000124067,LHb,0.006620393580380566
GO:0055085,transmembrane transport,ENSG00000167614,LHb,0.006620393580380566
GO:0055085,transmembrane transport,ENSG00000110436,LHb,0.006620393580380566
GO:0055085,transmembrane transport,ENSG00000141469,LHb,0.006620393580380566
GO:0055085,transmembrane transport,ENSG00000018625,LHb,0.006620393580380566
GO:0055085,transmembrane transport,ENSG00000130876,LHb,0.006620393580380566
GO:0055085,transmembrane transport,ENSG00000171612,LHb,0.006620393580380566
GO:0055085,transmembrane transport,ENSG00000067191,LHb,0.006620393580380566
GO:0055085,transmembrane transport,ENSG00000184588,LHb,0.006620393580380566
GO:0055085,transmembrane transport,ENSG00000127249,LHb,0.006620393580380566
GO:0055085,transmembrane transport,ENSG00000143603,LHb,0.006620393580380566
GO:0051938,L-glutamate import,ENSG00000182902,LHb,0.006760692915621251
GO:0051938,L-glutamate import,ENSG00000079215,LHb,0.006760692915621251
GO:0051938,L-glutamate import,ENSG00000167614,LHb,0.006760692915621251
GO:0051938,L-glutamate import,ENSG00000110436,LHb,0.006760692915621251
GO:0051938,L-glutamate import,ENSG00000018625,LHb,0.006760692915621251
GO:0015807,L-amino acid transport,ENSG00000182902,LHb,0.014150653712504823
GO:0015807,L-amino acid transport,ENSG00000079215,LHb,0.014150653712504823
GO:0015807,L-amino acid transport,ENSG00000167614,LHb,0.014150653712504823
GO:0015807,L-amino acid transport,ENSG00000110436,LHb,0.014150653712504823
GO:0015807,L-amino acid transport,ENSG00000018625,LHb,0.014150653712504823
GO:0015807,L-amino acid transport,ENSG00000130876,LHb,0.014150653712504823
GO:0055078,sodium ion homeostasis,ENSG00000136160,LHb,0.021033942380422693
GO:0055078,sodium ion homeostasis,ENSG00000129244,LHb,0.021033942380422693
GO:0055078,sodium ion homeostasis,ENSG00000079215,LHb,0.021033942380422693
GO:0055078,sodium ion homeostasis,ENSG00000018625,LHb,0.021033942380422693
GO:0003018,vascular process in circulatory system,ENSG00000164638,LHb,0.03410716427526606
GO:0003018,vascular process in circulatory system,ENSG00000117480,LHb,0.03410716427526606
GO:0003018,vascular process in circulatory system,ENSG00000196517,LHb,0.03410716427526606
GO:0003018,vascular process in circulatory system,ENSG00000157103,LHb,0.03410716427526606
GO:0003018,vascular process in circulatory system,ENSG00000136160,LHb,0.03410716427526606
GO:0003018,vascular process in circulatory system,ENSG00000129244,LHb,0.03410716427526606
GO:0003018,vascular process in circulatory system,ENSG00000079215,LHb,0.03410716427526606
GO:0003018,vascular process in circulatory system,ENSG00000110436,LHb,0.03410716427526606
GO:0003018,vascular process in circulatory system,ENSG00000018625,LHb,0.03410716427526606
GO:0006820,monoatomic anion transport,ENSG00000168710,LHb,0.03602850407126179
GO:0006820,monoatomic anion transport,ENSG00000157103,LHb,0.03602850407126179
GO:0006820,monoatomic anion transport,ENSG00000079215,LHb,0.03602850407126179
GO:0006820,monoatomic anion transport,ENSG00000124067,LHb,0.03602850407126179
GO:0006820,monoatomic anion transport,ENSG00000167614,LHb,0.03602850407126179
GO:0006820,monoatomic anion transport,ENSG00000110436,LHb,0.03602850407126179
GO:0098739,import across plasma membrane,ENSG00000196517,LHb,0.03732482242466127
GO:0098739,import across plasma membrane,ENSG00000157103,LHb,0.03732482242466127
GO:0098739,import across plasma membrane,ENSG00000129244,LHb,0.03732482242466127
GO:0098739,import across plasma membrane,ENSG00000079215,LHb,0.03732482242466127
GO:0098739,import across plasma membrane,ENSG00000124067,LHb,0.03732482242466127
GO:0098739,import across plasma membrane,ENSG00000110436,LHb,0.03732482242466127
GO:0098739,import across plasma membrane,ENSG00000018625,LHb,0.03732482242466127
GO:1901701,cellular response to oxygen-containing compound,ENSG00000168710,LHb,0.03801213971544324
GO:1901701,cellular response to oxygen-containing compound,ENSG00000041982,LHb,0.03801213971544324
GO:1901701,cellular response to oxygen-containing compound,ENSG00000008394,LHb,0.03801213971544324
GO:1901701,cellular response to oxygen-containing compound,ENSG00000148053,LHb,0.03801213971544324
GO:1901701,cellular response to oxygen-containing compound,ENSG00000140538,LHb,0.03801213971544324
GO:1901701,cellular response to oxygen-containing compound,ENSG00000136160,LHb,0.03801213971544324
GO:1901701,cellular response to oxygen-containing compound,ENSG00000152661,LHb,0.03801213971544324
GO:1901701,cellular response to oxygen-containing compound,ENSG00000012223,LHb,0.03801213971544324
GO:1901701,cellular response to oxygen-containing compound,ENSG00000134324,LHb,0.03801213971544324
GO:1901701,cellular response to oxygen-containing compound,ENSG00000168906,LHb,0.03801213971544324
GO:1901701,cellular response to oxygen-containing compound,ENSG00000079215,LHb,0.03801213971544324
GO:1901701,cellular response to oxygen-containing compound,ENSG00000110436,LHb,0.03801213971544324
GO:1901701,cellular response to oxygen-containing compound,ENSG00000160999,LHb,0.03801213971544324
GO:1901701,cellular response to oxygen-containing compound,ENSG00000100427,LHb,0.03801213971544324
GO:1901701,cellular response to oxygen-containing compound,ENSG00000072042,LHb,0.03801213971544324
GO:1901701,cellular response to oxygen-containing compound,ENSG00000171612,LHb,0.03801213971544324
GO:1901701,cellular response to oxygen-containing compound,ENSG00000067191,LHb,0.03801213971544324
GO:1901701,cellular response to oxygen-containing compound,ENSG00000068078,LHb,0.03801213971544324
GO:1901701,cellular response to oxygen-containing compound,ENSG00000184588,LHb,0.03801213971544324
GO:1901701,cellular response to oxygen-containing compound,ENSG00000198797,LHb,0.03801213971544324
GO:1901701,cellular response to oxygen-containing compound,ENSG00000137642,LHb,0.03801213971544324
GO:0099536,synaptic signaling,ENSG00000277586,MHb,0.030338788612302502
GO:0099536,synaptic signaling,ENSG00000172137,MHb,0.030338788612302502
GO:0099536,synaptic signaling,ENSG00000145335,MHb,0.030338788612302502
GO:0099536,synaptic signaling,ENSG00000164116,MHb,0.030338788612302502
GO:0099536,synaptic signaling,ENSG00000134207,MHb,0.030338788612302502
GO:0099536,synaptic signaling,ENSG00000160932,MHb,0.030338788612302502
GO:0099536,synaptic signaling,ENSG00000198216,MHb,0.030338788612302502
GO:0099536,synaptic signaling,ENSG00000080644,MHb,0.030338788612302502
GO:0099536,synaptic signaling,ENSG00000168824,MHb,0.030338788612302502
GO:0099536,synaptic signaling,ENSG00000173267,MHb,0.030338788612302502
GO:0099536,synaptic signaling,ENSG00000087085,MHb,0.030338788612302502
GO:0099536,synaptic signaling,ENSG00000136928,MHb,0.030338788612302502
GO:0099536,synaptic signaling,ENSG00000074317,MHb,0.030338788612302502
GO:0099536,synaptic signaling,ENSG00000145920,MHb,0.030338788612302502
GO:0099536,synaptic signaling,ENSG00000092051,MHb,0.030338788612302502
GO:0099536,synaptic signaling,ENSG00000128245,MHb,0.030338788612302502
GO:0099536,synaptic signaling,ENSG00000063015,MHb,0.030338788612302502
GO:0099536,synaptic signaling,ENSG00000174871,MHb,0.030338788612302502
GO:0099536,synaptic signaling,ENSG00000167535,MHb,0.030338788612302502
GO:0099536,synaptic signaling,ENSG00000157193,MHb,0.030338788612302502
GO:0007268,chemical synaptic transmission,ENSG00000277586,MHb,0.030338788612302502
GO:0007268,chemical synaptic transmission,ENSG00000172137,MHb,0.030338788612302502
GO:0007268,chemical synaptic transmission,ENSG00000145335,MHb,0.030338788612302502
GO:0007268,chemical synaptic transmission,ENSG00000164116,MHb,0.030338788612302502
GO:0007268,chemical synaptic transmission,ENSG00000134207,MHb,0.030338788612302502
GO:0007268,chemical synaptic transmission,ENSG00000198216,MHb,0.030338788612302502
GO:0007268,chemical synaptic transmission,ENSG00000080644,MHb,0.030338788612302502
GO:0007268,chemical synaptic transmission,ENSG00000168824,MHb,0.030338788612302502
GO:0007268,chemical synaptic transmission,ENSG00000173267,MHb,0.030338788612302502
GO:0007268,chemical synaptic transmission,ENSG00000087085,MHb,0.030338788612302502
GO:0007268,chemical synaptic transmission,ENSG00000136928,MHb,0.030338788612302502
GO:0007268,chemical synaptic transmission,ENSG00000074317,MHb,0.030338788612302502
GO:0007268,chemical synaptic transmission,ENSG00000145920,MHb,0.030338788612302502
GO:0007268,chemical synaptic transmission,ENSG00000092051,MHb,0.030338788612302502
GO:0007268,chemical synaptic transmission,ENSG00000128245,MHb,0.030338788612302502
GO:0007268,chemical synaptic transmission,ENSG00000063015,MHb,0.030338788612302502
GO:0007268,chemical synaptic transmission,ENSG00000174871,MHb,0.030338788612302502
GO:0007268,chemical synaptic transmission,ENSG00000167535,MHb,0.030338788612302502
GO:0007268,chemical synaptic transmission,ENSG00000157193,MHb,0.030338788612302502
GO:0098916,anterograde trans-synaptic signaling,ENSG00000277586,MHb,0.030338788612302502
GO:0098916,anterograde trans-synaptic signaling,ENSG00000172137,MHb,0.030338788612302502
GO:0098916,anterograde trans-synaptic signaling,ENSG00000145335,MHb,0.030338788612302502
GO:0098916,anterograde trans-synaptic signaling,ENSG00000164116,MHb,0.030338788612302502
GO:0098916,anterograde trans-synaptic signaling,ENSG00000134207,MHb,0.030338788612302502
GO:0098916,anterograde trans-synaptic signaling,ENSG00000198216,MHb,0.030338788612302502
GO:0098916,anterograde trans-synaptic signaling,ENSG00000080644,MHb,0.030338788612302502
GO:0098916,anterograde trans-synaptic signaling,ENSG00000168824,MHb,0.030338788612302502
GO:0098916,anterograde trans-synaptic signaling,ENSG00000173267,MHb,0.030338788612302502
GO:0098916,anterograde trans-synaptic signaling,ENSG00000087085,MHb,0.030338788612302502
GO:0098916,anterograde trans-synaptic signaling,ENSG00000136928,MHb,0.030338788612302502
GO:0098916,anterograde trans-synaptic signaling,ENSG00000074317,MHb,0.030338788612302502
GO:0098916,anterograde trans-synaptic signaling,ENSG00000145920,MHb,0.030338788612302502
GO:0098916,anterograde trans-synaptic signaling,ENSG00000092051,MHb,0.030338788612302502
GO:0098916,anterograde trans-synaptic signaling,ENSG00000128245,MHb,0.030338788612302502
GO:0098916,anterograde trans-synaptic signaling,ENSG00000063015,MHb,0.030338788612302502
GO:0098916,anterograde trans-synaptic signaling,ENSG00000174871,MHb,0.030338788612302502
GO:0098916,anterograde trans-synaptic signaling,ENSG00000167535,MHb,0.030338788612302502
GO:0098916,anterograde trans-synaptic signaling,ENSG00000157193,MHb,0.030338788612302502
GO:0007267,cell-cell signaling,ENSG00000277586,MHb,0.030338788612302502
GO:0007267,cell-cell signaling,ENSG00000172137,MHb,0.030338788612302502
GO:0007267,cell-cell signaling,ENSG00000145335,MHb,0.030338788612302502
GO:0007267,cell-cell signaling,ENSG00000164116,MHb,0.030338788612302502
GO:0007267,cell-cell signaling,ENSG00000134207,MHb,0.030338788612302502
GO:0007267,cell-cell signaling,ENSG00000160932,MHb,0.030338788612302502
GO:0007267,cell-cell signaling,ENSG00000154096,MHb,0.030338788612302502
GO:0007267,cell-cell signaling,ENSG00000198216,MHb,0.030338788612302502
GO:0007267,cell-cell signaling,ENSG00000080644,MHb,0.030338788612302502
GO:0007267,cell-cell signaling,ENSG00000168824,MHb,0.030338788612302502
GO:0007267,cell-cell signaling,ENSG00000053438,MHb,0.030338788612302502
GO:0007267,cell-cell signaling,ENSG00000173267,MHb,0.030338788612302502
GO:0007267,cell-cell signaling,ENSG00000087085,MHb,0.030338788612302502
GO:0007267,cell-cell signaling,ENSG00000136928,MHb,0.030338788612302502
GO:0007267,cell-cell signaling,ENSG00000074317,MHb,0.030338788612302502
GO:0007267,cell-cell signaling,ENSG00000145920,MHb,0.030338788612302502
GO:0007267,cell-cell signaling,ENSG00000092051,MHb,0.030338788612302502
GO:0007267,cell-cell signaling,ENSG00000128245,MHb,0.030338788612302502
GO:0007267,cell-cell signaling,ENSG00000063015,MHb,0.030338788612302502
GO:0007267,cell-cell signaling,ENSG00000174871,MHb,0.030338788612302502
GO:0007267,cell-cell signaling,ENSG00000167535,MHb,0.030338788612302502
GO:0007267,cell-cell signaling,ENSG00000240972,MHb,0.030338788612302502
GO:0007267,cell-cell signaling,ENSG00000157193,MHb,0.030338788612302502
GO:0099537,trans-synaptic signaling,ENSG00000277586,MHb,0.030338788612302502
GO:0099537,trans-synaptic signaling,ENSG00000172137,MHb,0.030338788612302502
GO:0099537,trans-synaptic signaling,ENSG00000145335,MHb,0.030338788612302502
GO:0099537,trans-synaptic signaling,ENSG00000164116,MHb,0.030338788612302502
GO:0099537,trans-synaptic signaling,ENSG00000134207,MHb,0.030338788612302502
GO:0099537,trans-synaptic signaling,ENSG00000198216,MHb,0.030338788612302502
GO:0099537,trans-synaptic signaling,ENSG00000080644,MHb,0.030338788612302502
GO:0099537,trans-synaptic signaling,ENSG00000168824,MHb,0.030338788612302502
GO:0099537,trans-synaptic signaling,ENSG00000173267,MHb,0.030338788612302502
GO:0099537,trans-synaptic signaling,ENSG00000087085,MHb,0.030338788612302502
GO:0099537,trans-synaptic signaling,ENSG00000136928,MHb,0.030338788612302502
GO:0099537,trans-synaptic signaling,ENSG00000074317,MHb,0.030338788612302502
GO:0099537,trans-synaptic signaling,ENSG00000145920,MHb,0.030338788612302502
GO:0099537,trans-synaptic signaling,ENSG00000092051,MHb,0.030338788612302502
GO:0099537,trans-synaptic signaling,ENSG00000128245,MHb,0.030338788612302502
GO:0099537,trans-synaptic signaling,ENSG00000063015,MHb,0.030338788612302502
GO:0099537,trans-synaptic signaling,ENSG00000174871,MHb,0.030338788612302502
GO:0099537,trans-synaptic signaling,ENSG00000167535,MHb,0.030338788612302502
GO:0099537,trans-synaptic signaling,ENSG00000157193,MHb,0.030338788612302502
GO:0022898,regulation of transmembrane transporter activity,ENSG00000145335,MHb,0.03758365773032236
GO:0022898,regulation of transmembrane transporter activity,ENSG00000183908,MHb,0.03758365773032236
GO:0022898,regulation of transmembrane transporter activity,ENSG00000160014,MHb,0.03758365773032236
GO:0022898,regulation of transmembrane transporter activity,ENSG00000092051,MHb,0.03758365773032236
GO:0022898,regulation of transmembrane transporter activity,ENSG00000128245,MHb,0.03758365773032236
GO:0022898,regulation of transmembrane transporter activity,ENSG00000174871,MHb,0.03758365773032236
GO:0022898,regulation of transmembrane transporter activity,ENSG00000167535,MHb,0.03758365773032236
GO:1904062,regulation of monoatomic cation transmembrane transport,ENSG00000145335,MHb,0.04747019916347829
GO:1904062,regulation of monoatomic cation transmembrane transport,ENSG00000106537,MHb,0.04747019916347829
GO:1904062,regulation of monoatomic cation transmembrane transport,ENSG00000183908,MHb,0.04747019916347829
GO:1904062,regulation of monoatomic cation transmembrane transport,ENSG00000160014,MHb,0.04747019916347829
GO:1904062,regulation of monoatomic cation transmembrane transport,ENSG00000154096,MHb,0.04747019916347829
GO:1904062,regulation of monoatomic cation transmembrane transport,ENSG00000137726,MHb,0.04747019916347829
GO:1904062,regulation of monoatomic cation transmembrane transport,ENSG00000092051,MHb,0.04747019916347829
GO:1904062,regulation of monoatomic cation transmembrane transport,ENSG00000128245,MHb,0.04747019916347829
GO:1904062,regulation of monoatomic cation transmembrane transport,ENSG00000167535,MHb,0.04747019916347829
GO:0032409,regulation of transporter activity,ENSG00000145335,MHb,0.04862863647791807
GO:0032409,regulation of transporter activity,ENSG00000183908,MHb,0.04862863647791807
GO:0032409,regulation of transporter activity,ENSG00000160014,MHb,0.04862863647791807
GO:0032409,regulation of transporter activity,ENSG00000092051,MHb,0.04862863647791807
GO:0032409,regulation of transporter activity,ENSG00000128245,MHb,0.04862863647791807
GO:0032409,regulation of transporter activity,ENSG00000174871,MHb,0.04862863647791807
GO:0032409,regulation of transporter activity,ENSG00000167535,MHb,0.04862863647791807
