metric,name,value
Min.,ncells_scaled,5.620135555268289e-13
Min.,expr_chrM_ratio_scaled,3.765893922618353e-10
Min.,astro_label,0
Min.,Residuals,0.03157366333610493
1st Qu.,ncells_scaled,0.011663803356414346
1st Qu.,expr_chrM_ratio_scaled,0.008502490564545308
1st Qu.,astro_label,0
1st Qu.,Residuals,0.6191963128457555
Median,ncells_scaled,0.04807474060079803
Median,expr_chrM_ratio_scaled,0.038788331377911045
Median,astro_label,0
Median,Residuals,0.8225696873933387
Mean,ncells_scaled,0.09729822040987371
Mean,expr_chrM_ratio_scaled,0.07710179149758045
Mean,astro_label,0.08379285091450547
Mean,Residuals,0.7418071371780404
3rd Qu.,ncells_scaled,0.1376732862415384
3rd Qu.,expr_chrM_ratio_scaled,0.11211018730554335
3rd Qu.,astro_label,0
3rd Qu.,Residuals,0.9288023513471239
Max.,ncells_scaled,0.7943861002186308
Max.,expr_chrM_ratio_scaled,0.7829113347547435
Max.,astro_label,0.9230034721170226
Max.,Residuals,0.9999913728096502
