resolution,original_cluster_count,unique_non_mhb_lhb_count,unique_mhb_lhb_counts,score_total_scaled
1.7,27,7,2,1
4,55,7,2,1
8,97,7,2,1
1.3,19,6,2,0.84375
1.4,22,6,2,0.84375
1.5,23,6,2,0.84375
1.6,21,6,2,0.84375
1.8,23,6,2,0.84375
1.9,27,6,2,0.84375
2,27,6,2,0.84375
0.7,12,5,2,0.6875000000000001
0.8,15,5,2,0.6875000000000001
0.9,15,5,2,0.6875000000000001
1,15,5,2,0.6875000000000001
1.1,17,5,2,0.6875000000000001
1.2,18,5,2,0.6875000000000001
0.6,10,5,1,0.46875000000000017
0.2,5,4,1,0.31249999999999994
0.3,5,4,1,0.31249999999999994
0.4,8,4,1,0.31249999999999994
0.5,8,4,1,0.31249999999999994
0.1,4,2,1,0
