"original_cluster_count","unique_cell_type_count","unique_mhb_lhb_counts","one_to_one_cell_type_count","multiple_mhb_lhb_counts","score_total","score_total_scaled"
34,10,2,6,5,3.02222222222222,1
26,9,2,6,5,2.92222222222222,0.966911764705882
100,12,3,3,6,2.91666666666667,0.965073529411765
33,9,3,3,8,2.83888888888889,0.939338235294118
29,9,1,5,9,2.78333333333333,0.920955882352941
30,9,2,5,6,2.78333333333333,0.920955882352941
38,9,2,4,5,2.42222222222222,0.801470588235294
40,9,2,3,7,2.39444444444444,0.792279411764706
15,7,1,6,5,2.38888888888889,0.790441176470588
27,7,1,5,7,2.36111111111111,0.78125
36,8,2,4,5,2.32222222222222,0.768382352941176
70,9,2,3,6,2.28333333333333,0.755514705882353
31,7,1,4,8,2.22222222222222,0.735294117647059
28,7,1,6,3,2.16666666666667,0.716911764705882
22,7,1,5,5,2.13888888888889,0.707720588235294
35,8,2,3,5,2.07222222222222,0.685661764705882
18,7,1,5,4,2.02777777777778,0.670955882352941
19,8,1,4,5,1.98888888888889,0.658088235294118
25,7,1,4,5,1.88888888888889,0.625
37,7,2,3,3,1.75,0.579044117647059
39,8,1,3,5,1.73888888888889,0.575367647058824
20,9,1,2,6,1.7,0.5625
13,6,1,4,4,1.67777777777778,0.555147058823529
32,7,1,4,3,1.66666666666667,0.551470588235294
11,6,0,6,2,1.62222222222222,0.536764705882353
23,7,1,3,4,1.52777777777778,0.505514705882353
24,6,0,3,7,1.42777777777778,0.472426470588235
21,7,0,4,3,1.33333333333333,0.441176470588235
12,5,0,4,4,1.24444444444444,0.411764705882353
14,5,0,4,4,1.24444444444444,0.411764705882353
17,5,0,3,5,1.10555555555556,0.365808823529412
9,4,0,4,2,0.922222222222222,0.305147058823529
8,4,0,3,4,0.894444444444444,0.295955882352941
10,4,0,3,4,0.894444444444444,0.295955882352941
16,4,0,3,4,0.894444444444444,0.295955882352941
6,3,0,3,0,0.35,0.115808823529412
7,3,0,2,0,0.1,0.0330882352941176
5,2,0,2,0,0,0
